#
# TABLE STRUCTURE FOR: Autor
#

DROP TABLE IF EXISTS `Autor`;

CREATE TABLE `Autor` (
  `VorName` varchar(100) COLLATE utf8mb4_unicode_ci NOT NULL,
  `nachName` varchar(100) COLLATE utf8mb4_unicode_ci NOT NULL,
  `autor_id` int(10) unsigned NOT NULL,
  PRIMARY KEY (`autor_id`)
) ENGINE=InnoDB DEFAULT CHARSET=utf8mb4 COLLATE=utf8mb4_unicode_ci;

INSERT INTO `Autor` (`VorName`, `nachName`, `autor_id`) VALUES ('Price', 'Cremin', 0);
INSERT INTO `Autor` (`VorName`, `nachName`, `autor_id`) VALUES ('Damaris', 'Hintz', 1);
INSERT INTO `Autor` (`VorName`, `nachName`, `autor_id`) VALUES ('Leora', 'Schulist', 2);
INSERT INTO `Autor` (`VorName`, `nachName`, `autor_id`) VALUES ('Leo', 'Predovic', 4);
INSERT INTO `Autor` (`VorName`, `nachName`, `autor_id`) VALUES ('Erin', 'Koss', 5);
INSERT INTO `Autor` (`VorName`, `nachName`, `autor_id`) VALUES ('Adele', 'Gerlach', 6);
INSERT INTO `Autor` (`VorName`, `nachName`, `autor_id`) VALUES ('Ezequiel', 'Gerlach', 8);
INSERT INTO `Autor` (`VorName`, `nachName`, `autor_id`) VALUES ('Bianka', 'Altenwerth', 9);
INSERT INTO `Autor` (`VorName`, `nachName`, `autor_id`) VALUES ('Tyshawn', 'Haag', 16);
INSERT INTO `Autor` (`VorName`, `nachName`, `autor_id`) VALUES ('Bernice', 'Casper', 36);
INSERT INTO `Autor` (`VorName`, `nachName`, `autor_id`) VALUES ('Oda', 'Langworth', 61);
INSERT INTO `Autor` (`VorName`, `nachName`, `autor_id`) VALUES ('Coby', 'Purdy', 63);
INSERT INTO `Autor` (`VorName`, `nachName`, `autor_id`) VALUES ('Isabel', 'White', 64);
INSERT INTO `Autor` (`VorName`, `nachName`, `autor_id`) VALUES ('Ebba', 'Haley', 84);
INSERT INTO `Autor` (`VorName`, `nachName`, `autor_id`) VALUES ('Tiara', 'Herzog', 92);
INSERT INTO `Autor` (`VorName`, `nachName`, `autor_id`) VALUES ('Marianna', 'Lynch', 133);
INSERT INTO `Autor` (`VorName`, `nachName`, `autor_id`) VALUES ('Rossie', 'Moore', 136);
INSERT INTO `Autor` (`VorName`, `nachName`, `autor_id`) VALUES ('Rodrigo', 'Wisozk', 176);
INSERT INTO `Autor` (`VorName`, `nachName`, `autor_id`) VALUES ('Abdiel', 'Konopelski', 236);
INSERT INTO `Autor` (`VorName`, `nachName`, `autor_id`) VALUES ('Solon', 'O\'Conner', 448);
INSERT INTO `Autor` (`VorName`, `nachName`, `autor_id`) VALUES ('Jalyn', 'Lindgren', 454);
INSERT INTO `Autor` (`VorName`, `nachName`, `autor_id`) VALUES ('Chaz', 'Little', 462);
INSERT INTO `Autor` (`VorName`, `nachName`, `autor_id`) VALUES ('Carlos', 'Russel', 508);
INSERT INTO `Autor` (`VorName`, `nachName`, `autor_id`) VALUES ('Perry', 'Davis', 512);
INSERT INTO `Autor` (`VorName`, `nachName`, `autor_id`) VALUES ('Marc', 'Satterfield', 527);
INSERT INTO `Autor` (`VorName`, `nachName`, `autor_id`) VALUES ('Fredrick', 'Schuppe', 599);
INSERT INTO `Autor` (`VorName`, `nachName`, `autor_id`) VALUES ('Sterling', 'King', 602);
INSERT INTO `Autor` (`VorName`, `nachName`, `autor_id`) VALUES ('Angie', 'Murray', 651);
INSERT INTO `Autor` (`VorName`, `nachName`, `autor_id`) VALUES ('Marge', 'Ruecker', 674);
INSERT INTO `Autor` (`VorName`, `nachName`, `autor_id`) VALUES ('Woodrow', 'Jast', 719);
INSERT INTO `Autor` (`VorName`, `nachName`, `autor_id`) VALUES ('Elenor', 'Purdy', 784);
INSERT INTO `Autor` (`VorName`, `nachName`, `autor_id`) VALUES ('Mercedes', 'Runte', 890);
INSERT INTO `Autor` (`VorName`, `nachName`, `autor_id`) VALUES ('Doug', 'Spinka', 900);
INSERT INTO `Autor` (`VorName`, `nachName`, `autor_id`) VALUES ('Elenora', 'Jaskolski', 1704);
INSERT INTO `Autor` (`VorName`, `nachName`, `autor_id`) VALUES ('Colten', 'Stanton', 2278);
INSERT INTO `Autor` (`VorName`, `nachName`, `autor_id`) VALUES ('Neva', 'Baumbach', 3403);
INSERT INTO `Autor` (`VorName`, `nachName`, `autor_id`) VALUES ('Buddy', 'Smith', 4013);
INSERT INTO `Autor` (`VorName`, `nachName`, `autor_id`) VALUES ('Nasir', 'Hamill', 4635);
INSERT INTO `Autor` (`VorName`, `nachName`, `autor_id`) VALUES ('Zoey', 'Roob', 4891);
INSERT INTO `Autor` (`VorName`, `nachName`, `autor_id`) VALUES ('Mavis', 'Lang', 5168);
INSERT INTO `Autor` (`VorName`, `nachName`, `autor_id`) VALUES ('Chasity', 'Schmitt', 7758);
INSERT INTO `Autor` (`VorName`, `nachName`, `autor_id`) VALUES ('Kristy', 'Gleichner', 8415);
INSERT INTO `Autor` (`VorName`, `nachName`, `autor_id`) VALUES ('Lonie', 'Hettinger', 8887);
INSERT INTO `Autor` (`VorName`, `nachName`, `autor_id`) VALUES ('Dion', 'Lehner', 12745);
INSERT INTO `Autor` (`VorName`, `nachName`, `autor_id`) VALUES ('Ryann', 'Ankunding', 22848);
INSERT INTO `Autor` (`VorName`, `nachName`, `autor_id`) VALUES ('Michale', 'Wunsch', 27370);
INSERT INTO `Autor` (`VorName`, `nachName`, `autor_id`) VALUES ('Warren', 'Ondricka', 44762);
INSERT INTO `Autor` (`VorName`, `nachName`, `autor_id`) VALUES ('Mara', 'Schimmel', 46517);
INSERT INTO `Autor` (`VorName`, `nachName`, `autor_id`) VALUES ('Clarissa', 'Gibson', 65510);
INSERT INTO `Autor` (`VorName`, `nachName`, `autor_id`) VALUES ('Deron', 'Nienow', 73409);
INSERT INTO `Autor` (`VorName`, `nachName`, `autor_id`) VALUES ('Queenie', 'Hilpert', 77954);
INSERT INTO `Autor` (`VorName`, `nachName`, `autor_id`) VALUES ('Augusta', 'Smitham', 87158);
INSERT INTO `Autor` (`VorName`, `nachName`, `autor_id`) VALUES ('Ibrahim', 'Schmidt', 98141);
INSERT INTO `Autor` (`VorName`, `nachName`, `autor_id`) VALUES ('Beatrice', 'Gislason', 98263);
INSERT INTO `Autor` (`VorName`, `nachName`, `autor_id`) VALUES ('Lizzie', 'Bergstrom', 98810);
INSERT INTO `Autor` (`VorName`, `nachName`, `autor_id`) VALUES ('Electa', 'Hane', 119361);
INSERT INTO `Autor` (`VorName`, `nachName`, `autor_id`) VALUES ('Reta', 'Keeling', 266375);
INSERT INTO `Autor` (`VorName`, `nachName`, `autor_id`) VALUES ('Trycia', 'Bernhard', 307581);
INSERT INTO `Autor` (`VorName`, `nachName`, `autor_id`) VALUES ('Samir', 'Ondricka', 374809);
INSERT INTO `Autor` (`VorName`, `nachName`, `autor_id`) VALUES ('Patrick', 'Kuhic', 694950);
INSERT INTO `Autor` (`VorName`, `nachName`, `autor_id`) VALUES ('Nedra', 'Harris', 750441);
INSERT INTO `Autor` (`VorName`, `nachName`, `autor_id`) VALUES ('Lily', 'Schaden', 798993);
INSERT INTO `Autor` (`VorName`, `nachName`, `autor_id`) VALUES ('Astrid', 'Welch', 802608);
INSERT INTO `Autor` (`VorName`, `nachName`, `autor_id`) VALUES ('Bertram', 'Wisozk', 868423);
INSERT INTO `Autor` (`VorName`, `nachName`, `autor_id`) VALUES ('Joanie', 'Klocko', 1406100);
INSERT INTO `Autor` (`VorName`, `nachName`, `autor_id`) VALUES ('Evalyn', 'Barrows', 1558376);
INSERT INTO `Autor` (`VorName`, `nachName`, `autor_id`) VALUES ('Guido', 'Homenick', 2739826);
INSERT INTO `Autor` (`VorName`, `nachName`, `autor_id`) VALUES ('Amaya', 'Kunze', 3302502);
INSERT INTO `Autor` (`VorName`, `nachName`, `autor_id`) VALUES ('Elda', 'Harvey', 4002053);
INSERT INTO `Autor` (`VorName`, `nachName`, `autor_id`) VALUES ('Jolie', 'Pouros', 4577906);
INSERT INTO `Autor` (`VorName`, `nachName`, `autor_id`) VALUES ('Gilda', 'Will', 5004777);
INSERT INTO `Autor` (`VorName`, `nachName`, `autor_id`) VALUES ('Helmer', 'Wisoky', 5674668);
INSERT INTO `Autor` (`VorName`, `nachName`, `autor_id`) VALUES ('Emmitt', 'Pollich', 6714694);
INSERT INTO `Autor` (`VorName`, `nachName`, `autor_id`) VALUES ('Wilford', 'Collier', 7841260);
INSERT INTO `Autor` (`VorName`, `nachName`, `autor_id`) VALUES ('Lucio', 'Breitenberg', 9085997);
INSERT INTO `Autor` (`VorName`, `nachName`, `autor_id`) VALUES ('Shawna', 'Dietrich', 9789968);
INSERT INTO `Autor` (`VorName`, `nachName`, `autor_id`) VALUES ('Gloria', 'Windler', 16850003);
INSERT INTO `Autor` (`VorName`, `nachName`, `autor_id`) VALUES ('Hayley', 'Barrows', 24394489);
INSERT INTO `Autor` (`VorName`, `nachName`, `autor_id`) VALUES ('Brant', 'Hintz', 24543377);
INSERT INTO `Autor` (`VorName`, `nachName`, `autor_id`) VALUES ('Harry', 'Cruickshank', 27398579);
INSERT INTO `Autor` (`VorName`, `nachName`, `autor_id`) VALUES ('Jorge', 'Dare', 29459212);
INSERT INTO `Autor` (`VorName`, `nachName`, `autor_id`) VALUES ('Otis', 'Mills', 33427865);
INSERT INTO `Autor` (`VorName`, `nachName`, `autor_id`) VALUES ('Westley', 'Russel', 34213177);
INSERT INTO `Autor` (`VorName`, `nachName`, `autor_id`) VALUES ('Thora', 'Schuster', 34705922);
INSERT INTO `Autor` (`VorName`, `nachName`, `autor_id`) VALUES ('Camilla', 'Toy', 51006760);
INSERT INTO `Autor` (`VorName`, `nachName`, `autor_id`) VALUES ('Eileen', 'Swaniawski', 57501454);
INSERT INTO `Autor` (`VorName`, `nachName`, `autor_id`) VALUES ('Hildegard', 'Frami', 72623116);
INSERT INTO `Autor` (`VorName`, `nachName`, `autor_id`) VALUES ('Chris', 'Kuhlman', 88946950);
INSERT INTO `Autor` (`VorName`, `nachName`, `autor_id`) VALUES ('Keeley', 'Monahan', 93911184);
INSERT INTO `Autor` (`VorName`, `nachName`, `autor_id`) VALUES ('Sydnee', 'Kutch', 98072659);
INSERT INTO `Autor` (`VorName`, `nachName`, `autor_id`) VALUES ('Gordon', 'Ryan', 98896814);
INSERT INTO `Autor` (`VorName`, `nachName`, `autor_id`) VALUES ('Alek', 'Donnelly', 98899890);
INSERT INTO `Autor` (`VorName`, `nachName`, `autor_id`) VALUES ('Anjali', 'Balistreri', 228986987);
INSERT INTO `Autor` (`VorName`, `nachName`, `autor_id`) VALUES ('Ally', 'Hills', 237153979);
INSERT INTO `Autor` (`VorName`, `nachName`, `autor_id`) VALUES ('Alvis', 'Stoltenberg', 367257916);
INSERT INTO `Autor` (`VorName`, `nachName`, `autor_id`) VALUES ('Gonzalo', 'Skiles', 427283291);
INSERT INTO `Autor` (`VorName`, `nachName`, `autor_id`) VALUES ('Dock', 'Stoltenberg', 517181981);
INSERT INTO `Autor` (`VorName`, `nachName`, `autor_id`) VALUES ('Noe', 'Wiza', 527322718);
INSERT INTO `Autor` (`VorName`, `nachName`, `autor_id`) VALUES ('Donny', 'Runolfsdottir', 625329486);
INSERT INTO `Autor` (`VorName`, `nachName`, `autor_id`) VALUES ('Jordi', 'Hermiston', 675414763);


#
# TABLE STRUCTURE FOR: Bibliothekar
#

DROP TABLE IF EXISTS `Bibliothekar`;

CREATE TABLE `Bibliothekar` (
  `mensch_id` int(10) unsigned NOT NULL,
  `bib_id` int(10) unsigned NOT NULL,
  PRIMARY KEY (`bib_id`),
  KEY `mensch_id` (`mensch_id`),
  CONSTRAINT `Bibliothekar_ibfk_1` FOREIGN KEY (`mensch_id`) REFERENCES `Mensch` (`id`)
) ENGINE=InnoDB DEFAULT CHARSET=utf8mb4 COLLATE=utf8mb4_unicode_ci;

INSERT INTO `Bibliothekar` (`mensch_id`, `bib_id`) VALUES (1, 0);
INSERT INTO `Bibliothekar` (`mensch_id`, `bib_id`) VALUES (2, 92680);
INSERT INTO `Bibliothekar` (`mensch_id`, `bib_id`) VALUES (3, 62534);
INSERT INTO `Bibliothekar` (`mensch_id`, `bib_id`) VALUES (4, 83085171);
INSERT INTO `Bibliothekar` (`mensch_id`, `bib_id`) VALUES (5, 3538669);
INSERT INTO `Bibliothekar` (`mensch_id`, `bib_id`) VALUES (6, 28978);
INSERT INTO `Bibliothekar` (`mensch_id`, `bib_id`) VALUES (7, 549);
INSERT INTO `Bibliothekar` (`mensch_id`, `bib_id`) VALUES (8, 156);
INSERT INTO `Bibliothekar` (`mensch_id`, `bib_id`) VALUES (9, 546);
INSERT INTO `Bibliothekar` (`mensch_id`, `bib_id`) VALUES (10, 46329);


#
# TABLE STRUCTURE FOR: Buch
#

DROP TABLE IF EXISTS `Buch`;

CREATE TABLE `Buch` (
  `buch_id` int(10) unsigned NOT NULL,
  `buchName` varchar(250) COLLATE utf8mb4_unicode_ci NOT NULL,
  PRIMARY KEY (`buch_id`)
) ENGINE=InnoDB DEFAULT CHARSET=utf8mb4 COLLATE=utf8mb4_unicode_ci;

INSERT INTO `Buch` (`buch_id`, `buchName`) VALUES (0, 'facilis');
INSERT INTO `Buch` (`buch_id`, `buchName`) VALUES (1, 'est');
INSERT INTO `Buch` (`buch_id`, `buchName`) VALUES (2, 'officiis');
INSERT INTO `Buch` (`buch_id`, `buchName`) VALUES (4, 'consequatur');
INSERT INTO `Buch` (`buch_id`, `buchName`) VALUES (5, 'qui');
INSERT INTO `Buch` (`buch_id`, `buchName`) VALUES (6, 'et');
INSERT INTO `Buch` (`buch_id`, `buchName`) VALUES (17, 'incidunt');
INSERT INTO `Buch` (`buch_id`, `buchName`) VALUES (38, 'non');
INSERT INTO `Buch` (`buch_id`, `buchName`) VALUES (48, 'harum');
INSERT INTO `Buch` (`buch_id`, `buchName`) VALUES (54, 'qui');
INSERT INTO `Buch` (`buch_id`, `buchName`) VALUES (59, 'eligendi');
INSERT INTO `Buch` (`buch_id`, `buchName`) VALUES (62, 'accusamus');
INSERT INTO `Buch` (`buch_id`, `buchName`) VALUES (67, 'ut');
INSERT INTO `Buch` (`buch_id`, `buchName`) VALUES (73, 'omnis');
INSERT INTO `Buch` (`buch_id`, `buchName`) VALUES (82, 'quia');
INSERT INTO `Buch` (`buch_id`, `buchName`) VALUES (95, 'neque');
INSERT INTO `Buch` (`buch_id`, `buchName`) VALUES (98, 'sit');
INSERT INTO `Buch` (`buch_id`, `buchName`) VALUES (131, 'vel');
INSERT INTO `Buch` (`buch_id`, `buchName`) VALUES (139, 'recusandae');
INSERT INTO `Buch` (`buch_id`, `buchName`) VALUES (157, 'assumenda');
INSERT INTO `Buch` (`buch_id`, `buchName`) VALUES (272, 'eum');
INSERT INTO `Buch` (`buch_id`, `buchName`) VALUES (420, 'magnam');
INSERT INTO `Buch` (`buch_id`, `buchName`) VALUES (644, 'molestiae');
INSERT INTO `Buch` (`buch_id`, `buchName`) VALUES (778, 'ipsam');
INSERT INTO `Buch` (`buch_id`, `buchName`) VALUES (812, 'qui');
INSERT INTO `Buch` (`buch_id`, `buchName`) VALUES (876, 'possimus');
INSERT INTO `Buch` (`buch_id`, `buchName`) VALUES (935, 'et');
INSERT INTO `Buch` (`buch_id`, `buchName`) VALUES (947, 'vitae');
INSERT INTO `Buch` (`buch_id`, `buchName`) VALUES (1884, 'deleniti');
INSERT INTO `Buch` (`buch_id`, `buchName`) VALUES (2055, 'iste');
INSERT INTO `Buch` (`buch_id`, `buchName`) VALUES (2169, 'culpa');
INSERT INTO `Buch` (`buch_id`, `buchName`) VALUES (2711, 'perferendis');
INSERT INTO `Buch` (`buch_id`, `buchName`) VALUES (4246, 'ab');
INSERT INTO `Buch` (`buch_id`, `buchName`) VALUES (5555, 'minima');
INSERT INTO `Buch` (`buch_id`, `buchName`) VALUES (6318, 'repudiandae');
INSERT INTO `Buch` (`buch_id`, `buchName`) VALUES (6351, 'praesentium');
INSERT INTO `Buch` (`buch_id`, `buchName`) VALUES (6379, 'autem');
INSERT INTO `Buch` (`buch_id`, `buchName`) VALUES (6668, 'magni');
INSERT INTO `Buch` (`buch_id`, `buchName`) VALUES (7090, 'labore');
INSERT INTO `Buch` (`buch_id`, `buchName`) VALUES (7530, 'veniam');
INSERT INTO `Buch` (`buch_id`, `buchName`) VALUES (8404, 'ipsum');
INSERT INTO `Buch` (`buch_id`, `buchName`) VALUES (9397, 'quia');
INSERT INTO `Buch` (`buch_id`, `buchName`) VALUES (10345, 'eum');
INSERT INTO `Buch` (`buch_id`, `buchName`) VALUES (26020, 'aut');
INSERT INTO `Buch` (`buch_id`, `buchName`) VALUES (28999, 'aliquam');
INSERT INTO `Buch` (`buch_id`, `buchName`) VALUES (39147, 'laboriosam');
INSERT INTO `Buch` (`buch_id`, `buchName`) VALUES (44255, 'cupiditate');
INSERT INTO `Buch` (`buch_id`, `buchName`) VALUES (50046, 'et');
INSERT INTO `Buch` (`buch_id`, `buchName`) VALUES (53192, 'tenetur');
INSERT INTO `Buch` (`buch_id`, `buchName`) VALUES (56067, 'rem');
INSERT INTO `Buch` (`buch_id`, `buchName`) VALUES (57714, 'odit');
INSERT INTO `Buch` (`buch_id`, `buchName`) VALUES (59089, 'reprehenderit');
INSERT INTO `Buch` (`buch_id`, `buchName`) VALUES (60302, 'facere');
INSERT INTO `Buch` (`buch_id`, `buchName`) VALUES (61185, 'aperiam');
INSERT INTO `Buch` (`buch_id`, `buchName`) VALUES (75360, 'quaerat');
INSERT INTO `Buch` (`buch_id`, `buchName`) VALUES (99844, 'quae');
INSERT INTO `Buch` (`buch_id`, `buchName`) VALUES (172845, 'fuga');
INSERT INTO `Buch` (`buch_id`, `buchName`) VALUES (283441, 'veniam');
INSERT INTO `Buch` (`buch_id`, `buchName`) VALUES (286328, 'et');
INSERT INTO `Buch` (`buch_id`, `buchName`) VALUES (295129, 'sunt');
INSERT INTO `Buch` (`buch_id`, `buchName`) VALUES (303426, 'qui');
INSERT INTO `Buch` (`buch_id`, `buchName`) VALUES (384587, 'repudiandae');
INSERT INTO `Buch` (`buch_id`, `buchName`) VALUES (555783, 'et');
INSERT INTO `Buch` (`buch_id`, `buchName`) VALUES (607686, 'molestias');
INSERT INTO `Buch` (`buch_id`, `buchName`) VALUES (656105, 'ut');
INSERT INTO `Buch` (`buch_id`, `buchName`) VALUES (836974, 'ad');
INSERT INTO `Buch` (`buch_id`, `buchName`) VALUES (863365, 'nobis');
INSERT INTO `Buch` (`buch_id`, `buchName`) VALUES (3227287, 'praesentium');
INSERT INTO `Buch` (`buch_id`, `buchName`) VALUES (4126267, 'quae');
INSERT INTO `Buch` (`buch_id`, `buchName`) VALUES (4388248, 'sint');
INSERT INTO `Buch` (`buch_id`, `buchName`) VALUES (4987394, 'porro');
INSERT INTO `Buch` (`buch_id`, `buchName`) VALUES (5948789, 'vitae');
INSERT INTO `Buch` (`buch_id`, `buchName`) VALUES (6294152, 'sit');
INSERT INTO `Buch` (`buch_id`, `buchName`) VALUES (8347890, 'ut');
INSERT INTO `Buch` (`buch_id`, `buchName`) VALUES (8623284, 'dolores');
INSERT INTO `Buch` (`buch_id`, `buchName`) VALUES (8885164, 'voluptas');
INSERT INTO `Buch` (`buch_id`, `buchName`) VALUES (9006496, 'voluptas');
INSERT INTO `Buch` (`buch_id`, `buchName`) VALUES (9726243, 'iure');
INSERT INTO `Buch` (`buch_id`, `buchName`) VALUES (9830650, 'corporis');
INSERT INTO `Buch` (`buch_id`, `buchName`) VALUES (28529092, 'numquam');
INSERT INTO `Buch` (`buch_id`, `buchName`) VALUES (41765941, 'totam');
INSERT INTO `Buch` (`buch_id`, `buchName`) VALUES (47399601, 'quia');
INSERT INTO `Buch` (`buch_id`, `buchName`) VALUES (49724630, 'animi');
INSERT INTO `Buch` (`buch_id`, `buchName`) VALUES (54896814, 'ducimus');
INSERT INTO `Buch` (`buch_id`, `buchName`) VALUES (61468312, 'ducimus');
INSERT INTO `Buch` (`buch_id`, `buchName`) VALUES (74520596, 'aut');
INSERT INTO `Buch` (`buch_id`, `buchName`) VALUES (77175221, 'nam');
INSERT INTO `Buch` (`buch_id`, `buchName`) VALUES (79486453, 'magnam');
INSERT INTO `Buch` (`buch_id`, `buchName`) VALUES (86487044, 'sunt');
INSERT INTO `Buch` (`buch_id`, `buchName`) VALUES (97112517, 'minus');
INSERT INTO `Buch` (`buch_id`, `buchName`) VALUES (99149544, 'incidunt');
INSERT INTO `Buch` (`buch_id`, `buchName`) VALUES (198664812, 'laboriosam');
INSERT INTO `Buch` (`buch_id`, `buchName`) VALUES (322733655, 'quasi');
INSERT INTO `Buch` (`buch_id`, `buchName`) VALUES (336249894, 'laborum');
INSERT INTO `Buch` (`buch_id`, `buchName`) VALUES (340997513, 'vel');
INSERT INTO `Buch` (`buch_id`, `buchName`) VALUES (559284373, 'dolor');
INSERT INTO `Buch` (`buch_id`, `buchName`) VALUES (726478778, 'sed');
INSERT INTO `Buch` (`buch_id`, `buchName`) VALUES (784870112, 'est');
INSERT INTO `Buch` (`buch_id`, `buchName`) VALUES (951389647, 'ut');
INSERT INTO `Buch` (`buch_id`, `buchName`) VALUES (989406400, 'unde');


#
# TABLE STRUCTURE FOR: Exemplar
#

DROP TABLE IF EXISTS `Exemplar`;

CREATE TABLE `Exemplar` (
  `exemplar_id` int(10) unsigned NOT NULL AUTO_INCREMENT,
  `buch_id` int(10) unsigned NOT NULL,
  `edition` int(10) unsigned DEFAULT 1,
  `erscheingsJahr` date NOT NULL,
  PRIMARY KEY (`exemplar_id`),
  KEY `buch_id` (`buch_id`),
  CONSTRAINT `Exemplar_ibfk_1` FOREIGN KEY (`buch_id`) REFERENCES `Buch` (`buch_id`) ON DELETE CASCADE ON UPDATE CASCADE
) ENGINE=InnoDB AUTO_INCREMENT=101 DEFAULT CHARSET=utf8mb4 COLLATE=utf8mb4_unicode_ci;

INSERT INTO `Exemplar` (`exemplar_id`, `buch_id`, `edition`, `erscheingsJahr`) VALUES (1, 0, 10, '1994-07-25');
INSERT INTO `Exemplar` (`exemplar_id`, `buch_id`, `edition`, `erscheingsJahr`) VALUES (2, 1, 11, '2013-02-13');
INSERT INTO `Exemplar` (`exemplar_id`, `buch_id`, `edition`, `erscheingsJahr`) VALUES (3, 2, 12, '2006-05-17');
INSERT INTO `Exemplar` (`exemplar_id`, `buch_id`, `edition`, `erscheingsJahr`) VALUES (4, 4, 2, '1976-01-24');
INSERT INTO `Exemplar` (`exemplar_id`, `buch_id`, `edition`, `erscheingsJahr`) VALUES (5, 5, 7, '1994-05-11');
INSERT INTO `Exemplar` (`exemplar_id`, `buch_id`, `edition`, `erscheingsJahr`) VALUES (6, 6, 9, '1972-01-29');
INSERT INTO `Exemplar` (`exemplar_id`, `buch_id`, `edition`, `erscheingsJahr`) VALUES (7, 17, 9, '2015-10-30');
INSERT INTO `Exemplar` (`exemplar_id`, `buch_id`, `edition`, `erscheingsJahr`) VALUES (8, 38, 12, '1982-06-24');
INSERT INTO `Exemplar` (`exemplar_id`, `buch_id`, `edition`, `erscheingsJahr`) VALUES (9, 48, 7, '1999-01-08');
INSERT INTO `Exemplar` (`exemplar_id`, `buch_id`, `edition`, `erscheingsJahr`) VALUES (10, 54, 2, '1985-02-18');
INSERT INTO `Exemplar` (`exemplar_id`, `buch_id`, `edition`, `erscheingsJahr`) VALUES (11, 59, 11, '1988-07-11');
INSERT INTO `Exemplar` (`exemplar_id`, `buch_id`, `edition`, `erscheingsJahr`) VALUES (12, 62, 5, '1996-07-29');
INSERT INTO `Exemplar` (`exemplar_id`, `buch_id`, `edition`, `erscheingsJahr`) VALUES (13, 67, 11, '1993-10-25');
INSERT INTO `Exemplar` (`exemplar_id`, `buch_id`, `edition`, `erscheingsJahr`) VALUES (14, 73, 2, '2015-03-16');
INSERT INTO `Exemplar` (`exemplar_id`, `buch_id`, `edition`, `erscheingsJahr`) VALUES (15, 82, 10, '1997-09-25');
INSERT INTO `Exemplar` (`exemplar_id`, `buch_id`, `edition`, `erscheingsJahr`) VALUES (16, 95, 7, '2000-07-06');
INSERT INTO `Exemplar` (`exemplar_id`, `buch_id`, `edition`, `erscheingsJahr`) VALUES (17, 98, 12, '1970-05-10');
INSERT INTO `Exemplar` (`exemplar_id`, `buch_id`, `edition`, `erscheingsJahr`) VALUES (18, 131, 10, '2000-01-02');
INSERT INTO `Exemplar` (`exemplar_id`, `buch_id`, `edition`, `erscheingsJahr`) VALUES (19, 139, 11, '2021-03-14');
INSERT INTO `Exemplar` (`exemplar_id`, `buch_id`, `edition`, `erscheingsJahr`) VALUES (20, 157, 2, '1980-01-16');
INSERT INTO `Exemplar` (`exemplar_id`, `buch_id`, `edition`, `erscheingsJahr`) VALUES (21, 272, 2, '1997-08-08');
INSERT INTO `Exemplar` (`exemplar_id`, `buch_id`, `edition`, `erscheingsJahr`) VALUES (22, 420, 4, '1990-10-27');
INSERT INTO `Exemplar` (`exemplar_id`, `buch_id`, `edition`, `erscheingsJahr`) VALUES (23, 644, 3, '1971-07-05');
INSERT INTO `Exemplar` (`exemplar_id`, `buch_id`, `edition`, `erscheingsJahr`) VALUES (24, 778, 8, '2009-01-27');
INSERT INTO `Exemplar` (`exemplar_id`, `buch_id`, `edition`, `erscheingsJahr`) VALUES (25, 812, 4, '1986-04-24');
INSERT INTO `Exemplar` (`exemplar_id`, `buch_id`, `edition`, `erscheingsJahr`) VALUES (26, 876, 4, '2003-09-27');
INSERT INTO `Exemplar` (`exemplar_id`, `buch_id`, `edition`, `erscheingsJahr`) VALUES (27, 935, 12, '1994-10-09');
INSERT INTO `Exemplar` (`exemplar_id`, `buch_id`, `edition`, `erscheingsJahr`) VALUES (28, 947, 7, '2004-05-08');
INSERT INTO `Exemplar` (`exemplar_id`, `buch_id`, `edition`, `erscheingsJahr`) VALUES (29, 1884, 1, '1976-05-27');
INSERT INTO `Exemplar` (`exemplar_id`, `buch_id`, `edition`, `erscheingsJahr`) VALUES (30, 2055, 11, '1996-06-02');
INSERT INTO `Exemplar` (`exemplar_id`, `buch_id`, `edition`, `erscheingsJahr`) VALUES (31, 2169, 10, '1991-12-08');
INSERT INTO `Exemplar` (`exemplar_id`, `buch_id`, `edition`, `erscheingsJahr`) VALUES (32, 2711, 3, '1973-08-28');
INSERT INTO `Exemplar` (`exemplar_id`, `buch_id`, `edition`, `erscheingsJahr`) VALUES (33, 4246, 5, '1990-01-13');
INSERT INTO `Exemplar` (`exemplar_id`, `buch_id`, `edition`, `erscheingsJahr`) VALUES (34, 5555, 9, '1987-02-10');
INSERT INTO `Exemplar` (`exemplar_id`, `buch_id`, `edition`, `erscheingsJahr`) VALUES (35, 6318, 3, '1973-03-21');
INSERT INTO `Exemplar` (`exemplar_id`, `buch_id`, `edition`, `erscheingsJahr`) VALUES (36, 6351, 12, '1978-10-23');
INSERT INTO `Exemplar` (`exemplar_id`, `buch_id`, `edition`, `erscheingsJahr`) VALUES (37, 6379, 4, '2008-01-16');
INSERT INTO `Exemplar` (`exemplar_id`, `buch_id`, `edition`, `erscheingsJahr`) VALUES (38, 6668, 12, '1986-03-04');
INSERT INTO `Exemplar` (`exemplar_id`, `buch_id`, `edition`, `erscheingsJahr`) VALUES (39, 7090, 9, '1982-06-07');
INSERT INTO `Exemplar` (`exemplar_id`, `buch_id`, `edition`, `erscheingsJahr`) VALUES (40, 7530, 12, '2008-10-02');
INSERT INTO `Exemplar` (`exemplar_id`, `buch_id`, `edition`, `erscheingsJahr`) VALUES (41, 8404, 12, '2013-12-10');
INSERT INTO `Exemplar` (`exemplar_id`, `buch_id`, `edition`, `erscheingsJahr`) VALUES (42, 9397, 3, '2003-05-27');
INSERT INTO `Exemplar` (`exemplar_id`, `buch_id`, `edition`, `erscheingsJahr`) VALUES (43, 10345, 4, '1999-11-16');
INSERT INTO `Exemplar` (`exemplar_id`, `buch_id`, `edition`, `erscheingsJahr`) VALUES (44, 26020, 12, '2017-03-24');
INSERT INTO `Exemplar` (`exemplar_id`, `buch_id`, `edition`, `erscheingsJahr`) VALUES (45, 28999, 2, '2017-07-04');
INSERT INTO `Exemplar` (`exemplar_id`, `buch_id`, `edition`, `erscheingsJahr`) VALUES (46, 39147, 4, '2000-03-14');
INSERT INTO `Exemplar` (`exemplar_id`, `buch_id`, `edition`, `erscheingsJahr`) VALUES (47, 44255, 1, '2013-11-12');
INSERT INTO `Exemplar` (`exemplar_id`, `buch_id`, `edition`, `erscheingsJahr`) VALUES (48, 50046, 2, '1982-01-14');
INSERT INTO `Exemplar` (`exemplar_id`, `buch_id`, `edition`, `erscheingsJahr`) VALUES (49, 53192, 2, '2006-11-29');
INSERT INTO `Exemplar` (`exemplar_id`, `buch_id`, `edition`, `erscheingsJahr`) VALUES (50, 56067, 9, '1982-07-24');
INSERT INTO `Exemplar` (`exemplar_id`, `buch_id`, `edition`, `erscheingsJahr`) VALUES (51, 57714, 8, '2004-03-03');
INSERT INTO `Exemplar` (`exemplar_id`, `buch_id`, `edition`, `erscheingsJahr`) VALUES (52, 59089, 8, '2013-06-16');
INSERT INTO `Exemplar` (`exemplar_id`, `buch_id`, `edition`, `erscheingsJahr`) VALUES (53, 60302, 5, '2018-10-25');
INSERT INTO `Exemplar` (`exemplar_id`, `buch_id`, `edition`, `erscheingsJahr`) VALUES (54, 61185, 1, '1974-02-11');
INSERT INTO `Exemplar` (`exemplar_id`, `buch_id`, `edition`, `erscheingsJahr`) VALUES (55, 75360, 7, '2008-06-30');
INSERT INTO `Exemplar` (`exemplar_id`, `buch_id`, `edition`, `erscheingsJahr`) VALUES (56, 99844, 9, '2012-12-21');
INSERT INTO `Exemplar` (`exemplar_id`, `buch_id`, `edition`, `erscheingsJahr`) VALUES (57, 172845, 5, '1970-06-18');
INSERT INTO `Exemplar` (`exemplar_id`, `buch_id`, `edition`, `erscheingsJahr`) VALUES (58, 283441, 11, '2012-03-11');
INSERT INTO `Exemplar` (`exemplar_id`, `buch_id`, `edition`, `erscheingsJahr`) VALUES (59, 286328, 8, '2000-10-02');
INSERT INTO `Exemplar` (`exemplar_id`, `buch_id`, `edition`, `erscheingsJahr`) VALUES (60, 295129, 9, '1999-01-06');
INSERT INTO `Exemplar` (`exemplar_id`, `buch_id`, `edition`, `erscheingsJahr`) VALUES (61, 303426, 1, '2011-02-10');
INSERT INTO `Exemplar` (`exemplar_id`, `buch_id`, `edition`, `erscheingsJahr`) VALUES (62, 384587, 7, '1985-02-06');
INSERT INTO `Exemplar` (`exemplar_id`, `buch_id`, `edition`, `erscheingsJahr`) VALUES (63, 555783, 1, '1973-11-22');
INSERT INTO `Exemplar` (`exemplar_id`, `buch_id`, `edition`, `erscheingsJahr`) VALUES (64, 607686, 4, '1996-11-15');
INSERT INTO `Exemplar` (`exemplar_id`, `buch_id`, `edition`, `erscheingsJahr`) VALUES (65, 656105, 12, '1998-02-25');
INSERT INTO `Exemplar` (`exemplar_id`, `buch_id`, `edition`, `erscheingsJahr`) VALUES (66, 836974, 5, '2017-06-05');
INSERT INTO `Exemplar` (`exemplar_id`, `buch_id`, `edition`, `erscheingsJahr`) VALUES (67, 863365, 1, '2009-01-25');
INSERT INTO `Exemplar` (`exemplar_id`, `buch_id`, `edition`, `erscheingsJahr`) VALUES (68, 3227287, 9, '1988-11-24');
INSERT INTO `Exemplar` (`exemplar_id`, `buch_id`, `edition`, `erscheingsJahr`) VALUES (69, 4126267, 12, '1993-01-20');
INSERT INTO `Exemplar` (`exemplar_id`, `buch_id`, `edition`, `erscheingsJahr`) VALUES (70, 4388248, 10, '1990-06-07');
INSERT INTO `Exemplar` (`exemplar_id`, `buch_id`, `edition`, `erscheingsJahr`) VALUES (71, 4987394, 4, '1986-10-20');
INSERT INTO `Exemplar` (`exemplar_id`, `buch_id`, `edition`, `erscheingsJahr`) VALUES (72, 5948789, 2, '2006-08-22');
INSERT INTO `Exemplar` (`exemplar_id`, `buch_id`, `edition`, `erscheingsJahr`) VALUES (73, 6294152, 8, '1988-03-26');
INSERT INTO `Exemplar` (`exemplar_id`, `buch_id`, `edition`, `erscheingsJahr`) VALUES (74, 8347890, 11, '1997-08-29');
INSERT INTO `Exemplar` (`exemplar_id`, `buch_id`, `edition`, `erscheingsJahr`) VALUES (75, 8623284, 2, '2004-01-01');
INSERT INTO `Exemplar` (`exemplar_id`, `buch_id`, `edition`, `erscheingsJahr`) VALUES (76, 8885164, 9, '1979-09-02');
INSERT INTO `Exemplar` (`exemplar_id`, `buch_id`, `edition`, `erscheingsJahr`) VALUES (77, 9006496, 6, '2006-05-12');
INSERT INTO `Exemplar` (`exemplar_id`, `buch_id`, `edition`, `erscheingsJahr`) VALUES (78, 9726243, 11, '1988-08-18');
INSERT INTO `Exemplar` (`exemplar_id`, `buch_id`, `edition`, `erscheingsJahr`) VALUES (79, 9830650, 4, '1992-06-22');
INSERT INTO `Exemplar` (`exemplar_id`, `buch_id`, `edition`, `erscheingsJahr`) VALUES (80, 28529092, 7, '2013-11-30');
INSERT INTO `Exemplar` (`exemplar_id`, `buch_id`, `edition`, `erscheingsJahr`) VALUES (81, 41765941, 10, '2005-04-09');
INSERT INTO `Exemplar` (`exemplar_id`, `buch_id`, `edition`, `erscheingsJahr`) VALUES (82, 47399601, 6, '1991-01-15');
INSERT INTO `Exemplar` (`exemplar_id`, `buch_id`, `edition`, `erscheingsJahr`) VALUES (83, 49724630, 3, '2002-02-17');
INSERT INTO `Exemplar` (`exemplar_id`, `buch_id`, `edition`, `erscheingsJahr`) VALUES (84, 54896814, 8, '1977-02-28');
INSERT INTO `Exemplar` (`exemplar_id`, `buch_id`, `edition`, `erscheingsJahr`) VALUES (85, 61468312, 4, '2008-01-30');
INSERT INTO `Exemplar` (`exemplar_id`, `buch_id`, `edition`, `erscheingsJahr`) VALUES (86, 74520596, 1, '1995-04-14');
INSERT INTO `Exemplar` (`exemplar_id`, `buch_id`, `edition`, `erscheingsJahr`) VALUES (87, 77175221, 11, '2020-03-10');
INSERT INTO `Exemplar` (`exemplar_id`, `buch_id`, `edition`, `erscheingsJahr`) VALUES (88, 79486453, 10, '1985-11-26');
INSERT INTO `Exemplar` (`exemplar_id`, `buch_id`, `edition`, `erscheingsJahr`) VALUES (89, 86487044, 9, '1996-12-22');
INSERT INTO `Exemplar` (`exemplar_id`, `buch_id`, `edition`, `erscheingsJahr`) VALUES (90, 97112517, 4, '2004-10-18');
INSERT INTO `Exemplar` (`exemplar_id`, `buch_id`, `edition`, `erscheingsJahr`) VALUES (91, 99149544, 9, '1973-11-23');
INSERT INTO `Exemplar` (`exemplar_id`, `buch_id`, `edition`, `erscheingsJahr`) VALUES (92, 198664812, 8, '1983-03-14');
INSERT INTO `Exemplar` (`exemplar_id`, `buch_id`, `edition`, `erscheingsJahr`) VALUES (93, 322733655, 8, '1993-11-28');
INSERT INTO `Exemplar` (`exemplar_id`, `buch_id`, `edition`, `erscheingsJahr`) VALUES (94, 336249894, 1, '1974-12-25');
INSERT INTO `Exemplar` (`exemplar_id`, `buch_id`, `edition`, `erscheingsJahr`) VALUES (95, 340997513, 9, '2011-04-16');
INSERT INTO `Exemplar` (`exemplar_id`, `buch_id`, `edition`, `erscheingsJahr`) VALUES (96, 559284373, 6, '2004-03-15');
INSERT INTO `Exemplar` (`exemplar_id`, `buch_id`, `edition`, `erscheingsJahr`) VALUES (97, 726478778, 2, '2011-11-29');
INSERT INTO `Exemplar` (`exemplar_id`, `buch_id`, `edition`, `erscheingsJahr`) VALUES (98, 784870112, 3, '1985-01-25');
INSERT INTO `Exemplar` (`exemplar_id`, `buch_id`, `edition`, `erscheingsJahr`) VALUES (99, 951389647, 12, '1987-08-09');
INSERT INTO `Exemplar` (`exemplar_id`, `buch_id`, `edition`, `erscheingsJahr`) VALUES (100, 989406400, 3, '1981-09-11');


#
# TABLE STRUCTURE FOR: Gebuhren
#

DROP TABLE IF EXISTS `Gebuhren`;

CREATE TABLE `Gebuhren` (
  `gebuhren_id` int(10) unsigned NOT NULL,
  `kunde_id` int(10) unsigned NOT NULL,
  `exemplar_id` int(10) unsigned DEFAULT NULL,
  `beitrag` int(10) unsigned DEFAULT NULL,
  `is_bezahlt` tinyint(1) DEFAULT NULL,
  PRIMARY KEY (`gebuhren_id`),
  KEY `kunde_id` (`kunde_id`),
  KEY `exemplar_id` (`exemplar_id`),
  CONSTRAINT `Gebuhren_ibfk_1` FOREIGN KEY (`kunde_id`) REFERENCES `Mensch` (`id`),
  CONSTRAINT `Gebuhren_ibfk_2` FOREIGN KEY (`exemplar_id`) REFERENCES `Exemplar` (`exemplar_id`)
) ENGINE=InnoDB DEFAULT CHARSET=utf8mb4 COLLATE=utf8mb4_unicode_ci;

INSERT INTO `Gebuhren` (`gebuhren_id`, `kunde_id`, `exemplar_id`, `beitrag`, `is_bezahlt`) VALUES (106, 14, 14, 58, 0);
INSERT INTO `Gebuhren` (`gebuhren_id`, `kunde_id`, `exemplar_id`, `beitrag`, `is_bezahlt`) VALUES (117, 30, 30, 40, 0);
INSERT INTO `Gebuhren` (`gebuhren_id`, `kunde_id`, `exemplar_id`, `beitrag`, `is_bezahlt`) VALUES (135, 63, 63, 60, 0);
INSERT INTO `Gebuhren` (`gebuhren_id`, `kunde_id`, `exemplar_id`, `beitrag`, `is_bezahlt`) VALUES (136, 54, 54, 128, 1);
INSERT INTO `Gebuhren` (`gebuhren_id`, `kunde_id`, `exemplar_id`, `beitrag`, `is_bezahlt`) VALUES (138, 13, 13, 87, 1);
INSERT INTO `Gebuhren` (`gebuhren_id`, `kunde_id`, `exemplar_id`, `beitrag`, `is_bezahlt`) VALUES (139, 59, 59, 12, 1);
INSERT INTO `Gebuhren` (`gebuhren_id`, `kunde_id`, `exemplar_id`, `beitrag`, `is_bezahlt`) VALUES (140, 16, 16, 48, 1);
INSERT INTO `Gebuhren` (`gebuhren_id`, `kunde_id`, `exemplar_id`, `beitrag`, `is_bezahlt`) VALUES (141, 3, 3, 32, 0);
INSERT INTO `Gebuhren` (`gebuhren_id`, `kunde_id`, `exemplar_id`, `beitrag`, `is_bezahlt`) VALUES (151, 93, 93, 35, 1);
INSERT INTO `Gebuhren` (`gebuhren_id`, `kunde_id`, `exemplar_id`, `beitrag`, `is_bezahlt`) VALUES (153, 85, 85, 117, 0);
INSERT INTO `Gebuhren` (`gebuhren_id`, `kunde_id`, `exemplar_id`, `beitrag`, `is_bezahlt`) VALUES (156, 21, 21, 141, 1);
INSERT INTO `Gebuhren` (`gebuhren_id`, `kunde_id`, `exemplar_id`, `beitrag`, `is_bezahlt`) VALUES (159, 41, 41, 73, 1);
INSERT INTO `Gebuhren` (`gebuhren_id`, `kunde_id`, `exemplar_id`, `beitrag`, `is_bezahlt`) VALUES (167, 80, 80, 42, 1);
INSERT INTO `Gebuhren` (`gebuhren_id`, `kunde_id`, `exemplar_id`, `beitrag`, `is_bezahlt`) VALUES (182, 47, 47, 144, 0);
INSERT INTO `Gebuhren` (`gebuhren_id`, `kunde_id`, `exemplar_id`, `beitrag`, `is_bezahlt`) VALUES (188, 89, 89, 71, 0);
INSERT INTO `Gebuhren` (`gebuhren_id`, `kunde_id`, `exemplar_id`, `beitrag`, `is_bezahlt`) VALUES (221, 29, 29, 45, 0);
INSERT INTO `Gebuhren` (`gebuhren_id`, `kunde_id`, `exemplar_id`, `beitrag`, `is_bezahlt`) VALUES (224, 48, 48, 30, 0);
INSERT INTO `Gebuhren` (`gebuhren_id`, `kunde_id`, `exemplar_id`, `beitrag`, `is_bezahlt`) VALUES (230, 9, 9, 63, 1);
INSERT INTO `Gebuhren` (`gebuhren_id`, `kunde_id`, `exemplar_id`, `beitrag`, `is_bezahlt`) VALUES (233, 33, 33, 128, 1);
INSERT INTO `Gebuhren` (`gebuhren_id`, `kunde_id`, `exemplar_id`, `beitrag`, `is_bezahlt`) VALUES (235, 43, 43, 16, 0);
INSERT INTO `Gebuhren` (`gebuhren_id`, `kunde_id`, `exemplar_id`, `beitrag`, `is_bezahlt`) VALUES (247, 34, 34, 53, 1);
INSERT INTO `Gebuhren` (`gebuhren_id`, `kunde_id`, `exemplar_id`, `beitrag`, `is_bezahlt`) VALUES (253, 67, 67, 150, 1);
INSERT INTO `Gebuhren` (`gebuhren_id`, `kunde_id`, `exemplar_id`, `beitrag`, `is_bezahlt`) VALUES (254, 53, 53, 114, 0);
INSERT INTO `Gebuhren` (`gebuhren_id`, `kunde_id`, `exemplar_id`, `beitrag`, `is_bezahlt`) VALUES (257, 36, 36, 81, 1);
INSERT INTO `Gebuhren` (`gebuhren_id`, `kunde_id`, `exemplar_id`, `beitrag`, `is_bezahlt`) VALUES (258, 19, 19, 142, 0);
INSERT INTO `Gebuhren` (`gebuhren_id`, `kunde_id`, `exemplar_id`, `beitrag`, `is_bezahlt`) VALUES (263, 83, 83, 114, 1);
INSERT INTO `Gebuhren` (`gebuhren_id`, `kunde_id`, `exemplar_id`, `beitrag`, `is_bezahlt`) VALUES (268, 64, 64, 13, 0);
INSERT INTO `Gebuhren` (`gebuhren_id`, `kunde_id`, `exemplar_id`, `beitrag`, `is_bezahlt`) VALUES (272, 8, 8, 33, 1);
INSERT INTO `Gebuhren` (`gebuhren_id`, `kunde_id`, `exemplar_id`, `beitrag`, `is_bezahlt`) VALUES (276, 86, 86, 25, 1);
INSERT INTO `Gebuhren` (`gebuhren_id`, `kunde_id`, `exemplar_id`, `beitrag`, `is_bezahlt`) VALUES (277, 17, 17, 59, 0);
INSERT INTO `Gebuhren` (`gebuhren_id`, `kunde_id`, `exemplar_id`, `beitrag`, `is_bezahlt`) VALUES (282, 71, 71, 43, 1);
INSERT INTO `Gebuhren` (`gebuhren_id`, `kunde_id`, `exemplar_id`, `beitrag`, `is_bezahlt`) VALUES (283, 68, 68, 71, 0);
INSERT INTO `Gebuhren` (`gebuhren_id`, `kunde_id`, `exemplar_id`, `beitrag`, `is_bezahlt`) VALUES (290, 7, 7, 111, 1);
INSERT INTO `Gebuhren` (`gebuhren_id`, `kunde_id`, `exemplar_id`, `beitrag`, `is_bezahlt`) VALUES (297, 99, 99, 148, 0);
INSERT INTO `Gebuhren` (`gebuhren_id`, `kunde_id`, `exemplar_id`, `beitrag`, `is_bezahlt`) VALUES (302, 58, 58, 84, 1);
INSERT INTO `Gebuhren` (`gebuhren_id`, `kunde_id`, `exemplar_id`, `beitrag`, `is_bezahlt`) VALUES (304, 2, 2, 103, 1);
INSERT INTO `Gebuhren` (`gebuhren_id`, `kunde_id`, `exemplar_id`, `beitrag`, `is_bezahlt`) VALUES (312, 10, 10, 135, 0);
INSERT INTO `Gebuhren` (`gebuhren_id`, `kunde_id`, `exemplar_id`, `beitrag`, `is_bezahlt`) VALUES (319, 11, 11, 143, 1);
INSERT INTO `Gebuhren` (`gebuhren_id`, `kunde_id`, `exemplar_id`, `beitrag`, `is_bezahlt`) VALUES (321, 27, 27, 95, 0);
INSERT INTO `Gebuhren` (`gebuhren_id`, `kunde_id`, `exemplar_id`, `beitrag`, `is_bezahlt`) VALUES (345, 42, 42, 59, 1);
INSERT INTO `Gebuhren` (`gebuhren_id`, `kunde_id`, `exemplar_id`, `beitrag`, `is_bezahlt`) VALUES (351, 66, 66, 104, 0);
INSERT INTO `Gebuhren` (`gebuhren_id`, `kunde_id`, `exemplar_id`, `beitrag`, `is_bezahlt`) VALUES (356, 5, 5, 82, 1);
INSERT INTO `Gebuhren` (`gebuhren_id`, `kunde_id`, `exemplar_id`, `beitrag`, `is_bezahlt`) VALUES (366, 56, 56, 143, 1);
INSERT INTO `Gebuhren` (`gebuhren_id`, `kunde_id`, `exemplar_id`, `beitrag`, `is_bezahlt`) VALUES (379, 87, 87, 132, 0);
INSERT INTO `Gebuhren` (`gebuhren_id`, `kunde_id`, `exemplar_id`, `beitrag`, `is_bezahlt`) VALUES (396, 31, 31, 60, 0);
INSERT INTO `Gebuhren` (`gebuhren_id`, `kunde_id`, `exemplar_id`, `beitrag`, `is_bezahlt`) VALUES (397, 72, 72, 125, 0);
INSERT INTO `Gebuhren` (`gebuhren_id`, `kunde_id`, `exemplar_id`, `beitrag`, `is_bezahlt`) VALUES (398, 39, 39, 49, 1);
INSERT INTO `Gebuhren` (`gebuhren_id`, `kunde_id`, `exemplar_id`, `beitrag`, `is_bezahlt`) VALUES (400, 74, 74, 63, 1);
INSERT INTO `Gebuhren` (`gebuhren_id`, `kunde_id`, `exemplar_id`, `beitrag`, `is_bezahlt`) VALUES (402, 60, 60, 73, 0);
INSERT INTO `Gebuhren` (`gebuhren_id`, `kunde_id`, `exemplar_id`, `beitrag`, `is_bezahlt`) VALUES (407, 25, 25, 41, 0);
INSERT INTO `Gebuhren` (`gebuhren_id`, `kunde_id`, `exemplar_id`, `beitrag`, `is_bezahlt`) VALUES (409, 57, 57, 136, 0);
INSERT INTO `Gebuhren` (`gebuhren_id`, `kunde_id`, `exemplar_id`, `beitrag`, `is_bezahlt`) VALUES (411, 20, 20, 120, 0);
INSERT INTO `Gebuhren` (`gebuhren_id`, `kunde_id`, `exemplar_id`, `beitrag`, `is_bezahlt`) VALUES (420, 62, 62, 149, 0);
INSERT INTO `Gebuhren` (`gebuhren_id`, `kunde_id`, `exemplar_id`, `beitrag`, `is_bezahlt`) VALUES (425, 100, 100, 138, 1);
INSERT INTO `Gebuhren` (`gebuhren_id`, `kunde_id`, `exemplar_id`, `beitrag`, `is_bezahlt`) VALUES (434, 12, 12, 105, 1);
INSERT INTO `Gebuhren` (`gebuhren_id`, `kunde_id`, `exemplar_id`, `beitrag`, `is_bezahlt`) VALUES (441, 23, 23, 79, 0);
INSERT INTO `Gebuhren` (`gebuhren_id`, `kunde_id`, `exemplar_id`, `beitrag`, `is_bezahlt`) VALUES (442, 22, 22, 68, 1);
INSERT INTO `Gebuhren` (`gebuhren_id`, `kunde_id`, `exemplar_id`, `beitrag`, `is_bezahlt`) VALUES (443, 79, 79, 143, 1);
INSERT INTO `Gebuhren` (`gebuhren_id`, `kunde_id`, `exemplar_id`, `beitrag`, `is_bezahlt`) VALUES (448, 44, 44, 126, 0);
INSERT INTO `Gebuhren` (`gebuhren_id`, `kunde_id`, `exemplar_id`, `beitrag`, `is_bezahlt`) VALUES (449, 95, 95, 56, 1);
INSERT INTO `Gebuhren` (`gebuhren_id`, `kunde_id`, `exemplar_id`, `beitrag`, `is_bezahlt`) VALUES (468, 38, 38, 79, 0);
INSERT INTO `Gebuhren` (`gebuhren_id`, `kunde_id`, `exemplar_id`, `beitrag`, `is_bezahlt`) VALUES (489, 70, 70, 144, 1);
INSERT INTO `Gebuhren` (`gebuhren_id`, `kunde_id`, `exemplar_id`, `beitrag`, `is_bezahlt`) VALUES (494, 18, 18, 135, 1);
INSERT INTO `Gebuhren` (`gebuhren_id`, `kunde_id`, `exemplar_id`, `beitrag`, `is_bezahlt`) VALUES (507, 78, 78, 89, 0);
INSERT INTO `Gebuhren` (`gebuhren_id`, `kunde_id`, `exemplar_id`, `beitrag`, `is_bezahlt`) VALUES (512, 88, 88, 133, 0);
INSERT INTO `Gebuhren` (`gebuhren_id`, `kunde_id`, `exemplar_id`, `beitrag`, `is_bezahlt`) VALUES (535, 37, 37, 11, 1);
INSERT INTO `Gebuhren` (`gebuhren_id`, `kunde_id`, `exemplar_id`, `beitrag`, `is_bezahlt`) VALUES (537, 15, 15, 34, 1);
INSERT INTO `Gebuhren` (`gebuhren_id`, `kunde_id`, `exemplar_id`, `beitrag`, `is_bezahlt`) VALUES (557, 96, 96, 93, 0);
INSERT INTO `Gebuhren` (`gebuhren_id`, `kunde_id`, `exemplar_id`, `beitrag`, `is_bezahlt`) VALUES (558, 28, 28, 134, 0);
INSERT INTO `Gebuhren` (`gebuhren_id`, `kunde_id`, `exemplar_id`, `beitrag`, `is_bezahlt`) VALUES (568, 49, 49, 94, 1);
INSERT INTO `Gebuhren` (`gebuhren_id`, `kunde_id`, `exemplar_id`, `beitrag`, `is_bezahlt`) VALUES (584, 4, 4, 61, 0);
INSERT INTO `Gebuhren` (`gebuhren_id`, `kunde_id`, `exemplar_id`, `beitrag`, `is_bezahlt`) VALUES (586, 94, 94, 18, 0);
INSERT INTO `Gebuhren` (`gebuhren_id`, `kunde_id`, `exemplar_id`, `beitrag`, `is_bezahlt`) VALUES (611, 77, 77, 129, 1);
INSERT INTO `Gebuhren` (`gebuhren_id`, `kunde_id`, `exemplar_id`, `beitrag`, `is_bezahlt`) VALUES (617, 73, 73, 62, 1);
INSERT INTO `Gebuhren` (`gebuhren_id`, `kunde_id`, `exemplar_id`, `beitrag`, `is_bezahlt`) VALUES (622, 65, 65, 132, 0);
INSERT INTO `Gebuhren` (`gebuhren_id`, `kunde_id`, `exemplar_id`, `beitrag`, `is_bezahlt`) VALUES (623, 35, 35, 21, 1);
INSERT INTO `Gebuhren` (`gebuhren_id`, `kunde_id`, `exemplar_id`, `beitrag`, `is_bezahlt`) VALUES (626, 24, 24, 83, 0);
INSERT INTO `Gebuhren` (`gebuhren_id`, `kunde_id`, `exemplar_id`, `beitrag`, `is_bezahlt`) VALUES (632, 32, 32, 63, 1);
INSERT INTO `Gebuhren` (`gebuhren_id`, `kunde_id`, `exemplar_id`, `beitrag`, `is_bezahlt`) VALUES (634, 75, 75, 129, 1);
INSERT INTO `Gebuhren` (`gebuhren_id`, `kunde_id`, `exemplar_id`, `beitrag`, `is_bezahlt`) VALUES (639, 52, 52, 114, 1);
INSERT INTO `Gebuhren` (`gebuhren_id`, `kunde_id`, `exemplar_id`, `beitrag`, `is_bezahlt`) VALUES (649, 61, 61, 19, 1);
INSERT INTO `Gebuhren` (`gebuhren_id`, `kunde_id`, `exemplar_id`, `beitrag`, `is_bezahlt`) VALUES (659, 84, 84, 78, 1);
INSERT INTO `Gebuhren` (`gebuhren_id`, `kunde_id`, `exemplar_id`, `beitrag`, `is_bezahlt`) VALUES (673, 40, 40, 69, 0);
INSERT INTO `Gebuhren` (`gebuhren_id`, `kunde_id`, `exemplar_id`, `beitrag`, `is_bezahlt`) VALUES (679, 1, 1, 40, 0);
INSERT INTO `Gebuhren` (`gebuhren_id`, `kunde_id`, `exemplar_id`, `beitrag`, `is_bezahlt`) VALUES (692, 81, 81, 146, 1);
INSERT INTO `Gebuhren` (`gebuhren_id`, `kunde_id`, `exemplar_id`, `beitrag`, `is_bezahlt`) VALUES (699, 45, 45, 54, 0);
INSERT INTO `Gebuhren` (`gebuhren_id`, `kunde_id`, `exemplar_id`, `beitrag`, `is_bezahlt`) VALUES (701, 51, 51, 49, 1);
INSERT INTO `Gebuhren` (`gebuhren_id`, `kunde_id`, `exemplar_id`, `beitrag`, `is_bezahlt`) VALUES (702, 6, 6, 131, 0);
INSERT INTO `Gebuhren` (`gebuhren_id`, `kunde_id`, `exemplar_id`, `beitrag`, `is_bezahlt`) VALUES (712, 69, 69, 66, 0);
INSERT INTO `Gebuhren` (`gebuhren_id`, `kunde_id`, `exemplar_id`, `beitrag`, `is_bezahlt`) VALUES (714, 50, 50, 22, 0);
INSERT INTO `Gebuhren` (`gebuhren_id`, `kunde_id`, `exemplar_id`, `beitrag`, `is_bezahlt`) VALUES (732, 97, 97, 25, 1);
INSERT INTO `Gebuhren` (`gebuhren_id`, `kunde_id`, `exemplar_id`, `beitrag`, `is_bezahlt`) VALUES (743, 82, 82, 76, 1);
INSERT INTO `Gebuhren` (`gebuhren_id`, `kunde_id`, `exemplar_id`, `beitrag`, `is_bezahlt`) VALUES (746, 91, 91, 100, 1);
INSERT INTO `Gebuhren` (`gebuhren_id`, `kunde_id`, `exemplar_id`, `beitrag`, `is_bezahlt`) VALUES (758, 46, 46, 150, 1);
INSERT INTO `Gebuhren` (`gebuhren_id`, `kunde_id`, `exemplar_id`, `beitrag`, `is_bezahlt`) VALUES (774, 90, 90, 101, 0);
INSERT INTO `Gebuhren` (`gebuhren_id`, `kunde_id`, `exemplar_id`, `beitrag`, `is_bezahlt`) VALUES (775, 92, 92, 74, 0);
INSERT INTO `Gebuhren` (`gebuhren_id`, `kunde_id`, `exemplar_id`, `beitrag`, `is_bezahlt`) VALUES (781, 98, 98, 44, 0);
INSERT INTO `Gebuhren` (`gebuhren_id`, `kunde_id`, `exemplar_id`, `beitrag`, `is_bezahlt`) VALUES (785, 76, 76, 130, 1);
INSERT INTO `Gebuhren` (`gebuhren_id`, `kunde_id`, `exemplar_id`, `beitrag`, `is_bezahlt`) VALUES (788, 26, 26, 97, 1);
INSERT INTO `Gebuhren` (`gebuhren_id`, `kunde_id`, `exemplar_id`, `beitrag`, `is_bezahlt`) VALUES (791, 55, 55, 71, 1);

select * from gebuhren;

#
# TABLE STRUCTURE FOR: Kunde
#

DROP TABLE IF EXISTS `Kunde`;

CREATE TABLE `Kunde` (
  `kunde_id` int(10) unsigned NOT NULL,
  `sorte` enum('student','Senior','Normal') COLLATE utf8mb4_unicode_ci NOT NULL,
  KEY `kunde_id` (`kunde_id`),
  CONSTRAINT `Kunde_ibfk_1` FOREIGN KEY (`kunde_id`) REFERENCES `Mensch` (`id`) ON DELETE CASCADE ON UPDATE CASCADE
) ENGINE=InnoDB DEFAULT CHARSET=utf8mb4 COLLATE=utf8mb4_unicode_ci;

INSERT INTO `Kunde` (`kunde_id`, `sorte`) VALUES (1, 'Normal');
INSERT INTO `Kunde` (`kunde_id`, `sorte`) VALUES (2, 'Normal');
INSERT INTO `Kunde` (`kunde_id`, `sorte`) VALUES (3, 'student');
INSERT INTO `Kunde` (`kunde_id`, `sorte`) VALUES (4, 'Normal');
INSERT INTO `Kunde` (`kunde_id`, `sorte`) VALUES (5, 'Normal');
INSERT INTO `Kunde` (`kunde_id`, `sorte`) VALUES (6, 'student');
INSERT INTO `Kunde` (`kunde_id`, `sorte`) VALUES (7, 'Senior');
INSERT INTO `Kunde` (`kunde_id`, `sorte`) VALUES (8, 'student');
INSERT INTO `Kunde` (`kunde_id`, `sorte`) VALUES (9, 'Senior');
INSERT INTO `Kunde` (`kunde_id`, `sorte`) VALUES (10, 'Senior');
INSERT INTO `Kunde` (`kunde_id`, `sorte`) VALUES (11, 'Normal');
INSERT INTO `Kunde` (`kunde_id`, `sorte`) VALUES (12, 'student');
INSERT INTO `Kunde` (`kunde_id`, `sorte`) VALUES (13, 'student');
INSERT INTO `Kunde` (`kunde_id`, `sorte`) VALUES (14, 'Normal');
INSERT INTO `Kunde` (`kunde_id`, `sorte`) VALUES (15, 'Senior');
INSERT INTO `Kunde` (`kunde_id`, `sorte`) VALUES (16, 'Senior');
INSERT INTO `Kunde` (`kunde_id`, `sorte`) VALUES (17, 'student');
INSERT INTO `Kunde` (`kunde_id`, `sorte`) VALUES (18, 'student');
INSERT INTO `Kunde` (`kunde_id`, `sorte`) VALUES (19, 'Senior');
INSERT INTO `Kunde` (`kunde_id`, `sorte`) VALUES (20, 'Normal');
INSERT INTO `Kunde` (`kunde_id`, `sorte`) VALUES (21, 'Normal');
INSERT INTO `Kunde` (`kunde_id`, `sorte`) VALUES (22, 'Normal');
INSERT INTO `Kunde` (`kunde_id`, `sorte`) VALUES (23, 'student');
INSERT INTO `Kunde` (`kunde_id`, `sorte`) VALUES (24, 'Normal');
INSERT INTO `Kunde` (`kunde_id`, `sorte`) VALUES (25, 'Normal');
INSERT INTO `Kunde` (`kunde_id`, `sorte`) VALUES (26, 'Senior');
INSERT INTO `Kunde` (`kunde_id`, `sorte`) VALUES (27, 'Senior');
INSERT INTO `Kunde` (`kunde_id`, `sorte`) VALUES (28, 'student');
INSERT INTO `Kunde` (`kunde_id`, `sorte`) VALUES (29, 'Normal');
INSERT INTO `Kunde` (`kunde_id`, `sorte`) VALUES (30, 'Normal');
INSERT INTO `Kunde` (`kunde_id`, `sorte`) VALUES (31, 'Normal');
INSERT INTO `Kunde` (`kunde_id`, `sorte`) VALUES (32, 'Senior');
INSERT INTO `Kunde` (`kunde_id`, `sorte`) VALUES (33, 'student');
INSERT INTO `Kunde` (`kunde_id`, `sorte`) VALUES (34, 'Senior');
INSERT INTO `Kunde` (`kunde_id`, `sorte`) VALUES (35, 'student');
INSERT INTO `Kunde` (`kunde_id`, `sorte`) VALUES (36, 'student');
INSERT INTO `Kunde` (`kunde_id`, `sorte`) VALUES (37, 'student');
INSERT INTO `Kunde` (`kunde_id`, `sorte`) VALUES (38, 'Normal');
INSERT INTO `Kunde` (`kunde_id`, `sorte`) VALUES (39, 'Senior');
INSERT INTO `Kunde` (`kunde_id`, `sorte`) VALUES (40, 'Senior');
INSERT INTO `Kunde` (`kunde_id`, `sorte`) VALUES (41, 'student');
INSERT INTO `Kunde` (`kunde_id`, `sorte`) VALUES (42, 'Normal');
INSERT INTO `Kunde` (`kunde_id`, `sorte`) VALUES (43, 'student');
INSERT INTO `Kunde` (`kunde_id`, `sorte`) VALUES (44, 'Normal');
INSERT INTO `Kunde` (`kunde_id`, `sorte`) VALUES (45, 'student');
INSERT INTO `Kunde` (`kunde_id`, `sorte`) VALUES (46, 'Normal');
INSERT INTO `Kunde` (`kunde_id`, `sorte`) VALUES (47, 'student');
INSERT INTO `Kunde` (`kunde_id`, `sorte`) VALUES (48, 'Senior');
INSERT INTO `Kunde` (`kunde_id`, `sorte`) VALUES (49, 'Senior');
INSERT INTO `Kunde` (`kunde_id`, `sorte`) VALUES (50, 'student');
INSERT INTO `Kunde` (`kunde_id`, `sorte`) VALUES (51, 'student');
INSERT INTO `Kunde` (`kunde_id`, `sorte`) VALUES (52, 'student');
INSERT INTO `Kunde` (`kunde_id`, `sorte`) VALUES (53, 'Normal');
INSERT INTO `Kunde` (`kunde_id`, `sorte`) VALUES (54, 'student');
INSERT INTO `Kunde` (`kunde_id`, `sorte`) VALUES (55, 'student');
INSERT INTO `Kunde` (`kunde_id`, `sorte`) VALUES (56, 'student');
INSERT INTO `Kunde` (`kunde_id`, `sorte`) VALUES (57, 'student');
INSERT INTO `Kunde` (`kunde_id`, `sorte`) VALUES (58, 'Normal');
INSERT INTO `Kunde` (`kunde_id`, `sorte`) VALUES (59, 'Senior');
INSERT INTO `Kunde` (`kunde_id`, `sorte`) VALUES (60, 'student');
INSERT INTO `Kunde` (`kunde_id`, `sorte`) VALUES (61, 'student');
INSERT INTO `Kunde` (`kunde_id`, `sorte`) VALUES (62, 'Normal');
INSERT INTO `Kunde` (`kunde_id`, `sorte`) VALUES (63, 'Senior');
INSERT INTO `Kunde` (`kunde_id`, `sorte`) VALUES (64, 'student');
INSERT INTO `Kunde` (`kunde_id`, `sorte`) VALUES (65, 'Normal');
INSERT INTO `Kunde` (`kunde_id`, `sorte`) VALUES (66, 'Normal');
INSERT INTO `Kunde` (`kunde_id`, `sorte`) VALUES (67, 'student');
INSERT INTO `Kunde` (`kunde_id`, `sorte`) VALUES (68, 'student');
INSERT INTO `Kunde` (`kunde_id`, `sorte`) VALUES (69, 'Normal');
INSERT INTO `Kunde` (`kunde_id`, `sorte`) VALUES (70, 'Senior');
INSERT INTO `Kunde` (`kunde_id`, `sorte`) VALUES (71, 'Normal');
INSERT INTO `Kunde` (`kunde_id`, `sorte`) VALUES (72, 'Normal');
INSERT INTO `Kunde` (`kunde_id`, `sorte`) VALUES (73, 'student');
INSERT INTO `Kunde` (`kunde_id`, `sorte`) VALUES (74, 'Senior');
INSERT INTO `Kunde` (`kunde_id`, `sorte`) VALUES (75, 'student');
INSERT INTO `Kunde` (`kunde_id`, `sorte`) VALUES (76, 'student');
INSERT INTO `Kunde` (`kunde_id`, `sorte`) VALUES (77, 'student');
INSERT INTO `Kunde` (`kunde_id`, `sorte`) VALUES (78, 'student');
INSERT INTO `Kunde` (`kunde_id`, `sorte`) VALUES (79, 'Normal');
INSERT INTO `Kunde` (`kunde_id`, `sorte`) VALUES (80, 'Normal');
INSERT INTO `Kunde` (`kunde_id`, `sorte`) VALUES (81, 'Senior');
INSERT INTO `Kunde` (`kunde_id`, `sorte`) VALUES (82, 'Senior');
INSERT INTO `Kunde` (`kunde_id`, `sorte`) VALUES (83, 'Normal');
INSERT INTO `Kunde` (`kunde_id`, `sorte`) VALUES (84, 'Senior');
INSERT INTO `Kunde` (`kunde_id`, `sorte`) VALUES (85, 'student');
INSERT INTO `Kunde` (`kunde_id`, `sorte`) VALUES (86, 'Normal');
INSERT INTO `Kunde` (`kunde_id`, `sorte`) VALUES (87, 'student');
INSERT INTO `Kunde` (`kunde_id`, `sorte`) VALUES (88, 'Senior');
INSERT INTO `Kunde` (`kunde_id`, `sorte`) VALUES (89, 'Senior');
INSERT INTO `Kunde` (`kunde_id`, `sorte`) VALUES (90, 'Senior');
INSERT INTO `Kunde` (`kunde_id`, `sorte`) VALUES (91, 'Normal');
INSERT INTO `Kunde` (`kunde_id`, `sorte`) VALUES (92, 'Senior');
INSERT INTO `Kunde` (`kunde_id`, `sorte`) VALUES (93, 'Senior');
INSERT INTO `Kunde` (`kunde_id`, `sorte`) VALUES (94, 'student');
INSERT INTO `Kunde` (`kunde_id`, `sorte`) VALUES (95, 'Senior');
INSERT INTO `Kunde` (`kunde_id`, `sorte`) VALUES (96, 'Normal');
INSERT INTO `Kunde` (`kunde_id`, `sorte`) VALUES (97, 'Senior');
INSERT INTO `Kunde` (`kunde_id`, `sorte`) VALUES (98, 'Normal');
INSERT INTO `Kunde` (`kunde_id`, `sorte`) VALUES (99, 'student');
INSERT INTO `Kunde` (`kunde_id`, `sorte`) VALUES (100, 'Senior');


#
# TABLE STRUCTURE FOR: Mensch
#

DROP TABLE IF EXISTS `Mensch`;

CREATE TABLE `Mensch` (
  `id` int(10) unsigned NOT NULL AUTO_INCREMENT,
  `vorname` varchar(60) COLLATE utf8mb4_unicode_ci NOT NULL,
  `nachname` varchar(60) COLLATE utf8mb4_unicode_ci NOT NULL,
  `email` varchar(100) COLLATE utf8mb4_unicode_ci DEFAULT NULL,
  `phone` varchar(15) COLLATE utf8mb4_unicode_ci DEFAULT NULL,
  PRIMARY KEY (`id`),
  UNIQUE KEY `email` (`email`,`phone`)
) ENGINE=InnoDB AUTO_INCREMENT=101 DEFAULT CHARSET=utf8mb4 COLLATE=utf8mb4_unicode_ci;

INSERT INTO `Mensch` (`id`, `vorname`, `nachname`, `email`, `phone`) VALUES (1, 'Newell', 'Swaniawski', 'lamar.fay@example.com', '(629)391-8335x7');
INSERT INTO `Mensch` (`id`, `vorname`, `nachname`, `email`, `phone`) VALUES (2, 'Nathan', 'Gutkowski', 'ebba60@example.com', '301-832-7223x65');
INSERT INTO `Mensch` (`id`, `vorname`, `nachname`, `email`, `phone`) VALUES (3, 'Harrison', 'Sawayn', 'elise50@example.org', '1-913-804-4998x');
INSERT INTO `Mensch` (`id`, `vorname`, `nachname`, `email`, `phone`) VALUES (4, 'Kaylin', 'Thiel', 'nathaniel.herman@example.org', '816-589-9948');
INSERT INTO `Mensch` (`id`, `vorname`, `nachname`, `email`, `phone`) VALUES (5, 'Oma', 'Bayer', 'sdare@example.com', '1-760-683-9430x');
INSERT INTO `Mensch` (`id`, `vorname`, `nachname`, `email`, `phone`) VALUES (6, 'Jayde', 'Rippin', 'swift.leone@example.org', '374.000.2231x03');
INSERT INTO `Mensch` (`id`, `vorname`, `nachname`, `email`, `phone`) VALUES (7, 'Alysson', 'Watsica', 'bkeeling@example.com', '+81(4)238698087');
INSERT INTO `Mensch` (`id`, `vorname`, `nachname`, `email`, `phone`) VALUES (8, 'Clair', 'Ziemann', 'danielle17@example.com', '986.479.2404x90');
INSERT INTO `Mensch` (`id`, `vorname`, `nachname`, `email`, `phone`) VALUES (9, 'Pearlie', 'Zboncak', 'melyna75@example.net', '562-473-4166x72');
INSERT INTO `Mensch` (`id`, `vorname`, `nachname`, `email`, `phone`) VALUES (10, 'Renee', 'Spencer', 'nienow.larue@example.org', '+69(5)846059494');
INSERT INTO `Mensch` (`id`, `vorname`, `nachname`, `email`, `phone`) VALUES (11, 'Cary', 'Heller', 'merl16@example.net', '315.796.3750');
INSERT INTO `Mensch` (`id`, `vorname`, `nachname`, `email`, `phone`) VALUES (12, 'Norbert', 'Beatty', 'angelica.connelly@example.com', '(854)181-6315x7');
INSERT INTO `Mensch` (`id`, `vorname`, `nachname`, `email`, `phone`) VALUES (13, 'Joshuah', 'Hilll', 'wintheiser.heather@example.net', '1-597-527-8662x');
INSERT INTO `Mensch` (`id`, `vorname`, `nachname`, `email`, `phone`) VALUES (14, 'Jaycee', 'Rice', 'dulce15@example.com', '506-919-6533x43');
INSERT INTO `Mensch` (`id`, `vorname`, `nachname`, `email`, `phone`) VALUES (15, 'Joshuah', 'Harris', 'elisabeth34@example.org', '(240)405-7000');
INSERT INTO `Mensch` (`id`, `vorname`, `nachname`, `email`, `phone`) VALUES (16, 'Ulises', 'Goyette', 'goyette.denis@example.com', '745-014-2568');
INSERT INTO `Mensch` (`id`, `vorname`, `nachname`, `email`, `phone`) VALUES (17, 'Noah', 'Skiles', 'beth.heathcote@example.org', '1-664-773-4930x');
INSERT INTO `Mensch` (`id`, `vorname`, `nachname`, `email`, `phone`) VALUES (18, 'Rhoda', 'Fahey', 'williamson.mateo@example.com', '01056665807');
INSERT INTO `Mensch` (`id`, `vorname`, `nachname`, `email`, `phone`) VALUES (19, 'Andrew', 'Bahringer', 'anibal68@example.com', '+57(8)332034927');
INSERT INTO `Mensch` (`id`, `vorname`, `nachname`, `email`, `phone`) VALUES (20, 'Benjamin', 'Feil', 'jaydon40@example.org', '525.407.8049x20');
INSERT INTO `Mensch` (`id`, `vorname`, `nachname`, `email`, `phone`) VALUES (21, 'Chelsea', 'Purdy', 'jesus42@example.com', '1-362-207-7998x');
INSERT INTO `Mensch` (`id`, `vorname`, `nachname`, `email`, `phone`) VALUES (22, 'Perry', 'Reynolds', 'ytowne@example.com', '735-390-4723x14');
INSERT INTO `Mensch` (`id`, `vorname`, `nachname`, `email`, `phone`) VALUES (23, 'Omari', 'Marvin', 'nitzsche.bethany@example.net', '08195919407');
INSERT INTO `Mensch` (`id`, `vorname`, `nachname`, `email`, `phone`) VALUES (24, 'Carlie', 'Lindgren', 'jbogan@example.net', '865-464-5272');
INSERT INTO `Mensch` (`id`, `vorname`, `nachname`, `email`, `phone`) VALUES (25, 'Dillon', 'Wolff', 'kirk.spencer@example.org', '509.129.8370');
INSERT INTO `Mensch` (`id`, `vorname`, `nachname`, `email`, `phone`) VALUES (26, 'Tracy', 'Prosacco', 'schuyler.kuphal@example.net', '1-803-234-3534x');
INSERT INTO `Mensch` (`id`, `vorname`, `nachname`, `email`, `phone`) VALUES (27, 'Keshawn', 'Runte', 'qrenner@example.org', '(227)414-8667x6');
INSERT INTO `Mensch` (`id`, `vorname`, `nachname`, `email`, `phone`) VALUES (28, 'Damian', 'Anderson', 'citlalli.bayer@example.com', '801-584-2645');
INSERT INTO `Mensch` (`id`, `vorname`, `nachname`, `email`, `phone`) VALUES (29, 'Regan', 'Carter', 'phickle@example.org', '+45(4)326170499');
INSERT INTO `Mensch` (`id`, `vorname`, `nachname`, `email`, `phone`) VALUES (30, 'Collin', 'Wisozk', 'mwolff@example.org', '06965956811');
INSERT INTO `Mensch` (`id`, `vorname`, `nachname`, `email`, `phone`) VALUES (31, 'Noelia', 'Collier', 'andreanne94@example.net', '474-117-4164x09');
INSERT INTO `Mensch` (`id`, `vorname`, `nachname`, `email`, `phone`) VALUES (32, 'Willie', 'Kshlerin', 'lgutmann@example.net', '998-245-6302x96');
INSERT INTO `Mensch` (`id`, `vorname`, `nachname`, `email`, `phone`) VALUES (33, 'Olaf', 'Renner', 'mshanahan@example.com', '(982)114-9118x5');
INSERT INTO `Mensch` (`id`, `vorname`, `nachname`, `email`, `phone`) VALUES (34, 'Bernita', 'Nader', 'abins@example.com', '700-939-3769');
INSERT INTO `Mensch` (`id`, `vorname`, `nachname`, `email`, `phone`) VALUES (35, 'Willow', 'Barton', 'nauer@example.net', '678.402.3157');
INSERT INTO `Mensch` (`id`, `vorname`, `nachname`, `email`, `phone`) VALUES (36, 'Cedrick', 'Powlowski', 'brandy.kuphal@example.org', '(025)181-1523x5');
INSERT INTO `Mensch` (`id`, `vorname`, `nachname`, `email`, `phone`) VALUES (37, 'Fritz', 'West', 'tate.corwin@example.org', '787-913-4674');
INSERT INTO `Mensch` (`id`, `vorname`, `nachname`, `email`, `phone`) VALUES (38, 'Stacey', 'Fay', 'msmith@example.org', '(247)318-1605x8');
INSERT INTO `Mensch` (`id`, `vorname`, `nachname`, `email`, `phone`) VALUES (39, 'Laurence', 'Hessel', 'maribel41@example.org', '(247)917-7078x7');
INSERT INTO `Mensch` (`id`, `vorname`, `nachname`, `email`, `phone`) VALUES (40, 'Selena', 'Abbott', 'name.braun@example.org', '1-980-697-0898x');
INSERT INTO `Mensch` (`id`, `vorname`, `nachname`, `email`, `phone`) VALUES (41, 'Delilah', 'Cole', 'volkman.cleveland@example.net', '(270)182-6154x2');
INSERT INTO `Mensch` (`id`, `vorname`, `nachname`, `email`, `phone`) VALUES (42, 'Herman', 'Kovacek', 'vandervort.melyssa@example.net', '(094)856-6216x8');
INSERT INTO `Mensch` (`id`, `vorname`, `nachname`, `email`, `phone`) VALUES (43, 'Malika', 'Cole', 'wframi@example.org', '1-647-113-7201x');
INSERT INTO `Mensch` (`id`, `vorname`, `nachname`, `email`, `phone`) VALUES (44, 'Johnnie', 'Waters', 'edward.white@example.net', '+43(6)953801745');
INSERT INTO `Mensch` (`id`, `vorname`, `nachname`, `email`, `phone`) VALUES (45, 'Nathanial', 'Legros', 'newton31@example.org', '281-741-3239x80');
INSERT INTO `Mensch` (`id`, `vorname`, `nachname`, `email`, `phone`) VALUES (46, 'Sidney', 'Lebsack', 'cali91@example.net', '00094934699');
INSERT INTO `Mensch` (`id`, `vorname`, `nachname`, `email`, `phone`) VALUES (47, 'Shayne', 'Koelpin', 'phoebe.towne@example.org', '123.379.0619x92');
INSERT INTO `Mensch` (`id`, `vorname`, `nachname`, `email`, `phone`) VALUES (48, 'Natalie', 'West', 'mchamplin@example.net', '1-983-469-2066x');
INSERT INTO `Mensch` (`id`, `vorname`, `nachname`, `email`, `phone`) VALUES (49, 'Viva', 'Botsford', 'golda.bernhard@example.net', '(849)574-3427');
INSERT INTO `Mensch` (`id`, `vorname`, `nachname`, `email`, `phone`) VALUES (50, 'Sandra', 'Rosenbaum', 'hrenner@example.org', '(783)178-8965x2');
INSERT INTO `Mensch` (`id`, `vorname`, `nachname`, `email`, `phone`) VALUES (51, 'Francesco', 'Schaefer', 'junius.doyle@example.net', '820.474.3268x02');
INSERT INTO `Mensch` (`id`, `vorname`, `nachname`, `email`, `phone`) VALUES (52, 'Solon', 'Littel', 'colten58@example.com', '+98(3)382194718');
INSERT INTO `Mensch` (`id`, `vorname`, `nachname`, `email`, `phone`) VALUES (53, 'Monique', 'Lueilwitz', 'jewel.hansen@example.net', '08817624334');
INSERT INTO `Mensch` (`id`, `vorname`, `nachname`, `email`, `phone`) VALUES (54, 'Mose', 'Dietrich', 'bernier.daija@example.com', '(175)518-6102');
INSERT INTO `Mensch` (`id`, `vorname`, `nachname`, `email`, `phone`) VALUES (55, 'Newell', 'Pollich', 'marcus.deckow@example.net', '836-706-1257x01');
INSERT INTO `Mensch` (`id`, `vorname`, `nachname`, `email`, `phone`) VALUES (56, 'Beryl', 'Shanahan', 'lkoepp@example.org', '05904688685');
INSERT INTO `Mensch` (`id`, `vorname`, `nachname`, `email`, `phone`) VALUES (57, 'Loren', 'Kiehn', 'delfina99@example.org', '(037)863-5586x6');
INSERT INTO `Mensch` (`id`, `vorname`, `nachname`, `email`, `phone`) VALUES (58, 'Brown', 'Pfannerstill', 'goodwin.gustave@example.com', '(638)372-8934x0');
INSERT INTO `Mensch` (`id`, `vorname`, `nachname`, `email`, `phone`) VALUES (59, 'Wilson', 'Strosin', 'ruecker.zack@example.com', '177-012-3066x75');
INSERT INTO `Mensch` (`id`, `vorname`, `nachname`, `email`, `phone`) VALUES (60, 'Georgiana', 'Bruen', 'conroy.vella@example.net', '1-320-030-2224x');
INSERT INTO `Mensch` (`id`, `vorname`, `nachname`, `email`, `phone`) VALUES (61, 'Mathilde', 'Goyette', 'gertrude79@example.net', '+03(2)557574027');
INSERT INTO `Mensch` (`id`, `vorname`, `nachname`, `email`, `phone`) VALUES (62, 'Eloisa', 'Will', 'newell95@example.net', '502.637.5785');
INSERT INTO `Mensch` (`id`, `vorname`, `nachname`, `email`, `phone`) VALUES (63, 'Fermin', 'Beatty', 'geovanny.herzog@example.org', '+48(3)839496969');
INSERT INTO `Mensch` (`id`, `vorname`, `nachname`, `email`, `phone`) VALUES (64, 'Lonie', 'Keeling', 'aebert@example.com', '(345)964-7799');
INSERT INTO `Mensch` (`id`, `vorname`, `nachname`, `email`, `phone`) VALUES (65, 'Garett', 'O\'Connell', 'jesse53@example.net', '567.824.0083x28');
INSERT INTO `Mensch` (`id`, `vorname`, `nachname`, `email`, `phone`) VALUES (66, 'Kathlyn', 'Fadel', 'roy03@example.net', '1-515-443-7124');
INSERT INTO `Mensch` (`id`, `vorname`, `nachname`, `email`, `phone`) VALUES (67, 'Demarcus', 'Erdman', 'vita28@example.org', '295.929.8614x19');
INSERT INTO `Mensch` (`id`, `vorname`, `nachname`, `email`, `phone`) VALUES (68, 'Jacinto', 'O\'Keefe', 'christian13@example.org', '1-889-423-4082x');
INSERT INTO `Mensch` (`id`, `vorname`, `nachname`, `email`, `phone`) VALUES (69, 'Jalen', 'Balistreri', 'zieme.dejuan@example.org', '02476111792');
INSERT INTO `Mensch` (`id`, `vorname`, `nachname`, `email`, `phone`) VALUES (70, 'Grace', 'Feest', 'rippin.elbert@example.org', '(851)677-4485');
INSERT INTO `Mensch` (`id`, `vorname`, `nachname`, `email`, `phone`) VALUES (71, 'Hollie', 'Brakus', 'hilma82@example.org', '(593)161-8509');
INSERT INTO `Mensch` (`id`, `vorname`, `nachname`, `email`, `phone`) VALUES (72, 'Lue', 'Kunde', 'blake.stamm@example.org', '1-549-501-2238x');
INSERT INTO `Mensch` (`id`, `vorname`, `nachname`, `email`, `phone`) VALUES (73, 'Maegan', 'Keeling', 'ortiz.jon@example.org', '(141)137-6819');
INSERT INTO `Mensch` (`id`, `vorname`, `nachname`, `email`, `phone`) VALUES (74, 'Anna', 'Lowe', 'hermiston.braxton@example.org', '(436)281-0095x2');
INSERT INTO `Mensch` (`id`, `vorname`, `nachname`, `email`, `phone`) VALUES (75, 'Meggie', 'Goldner', 'greenfelder.alexandro@example.net', '743-943-5689');
INSERT INTO `Mensch` (`id`, `vorname`, `nachname`, `email`, `phone`) VALUES (76, 'Marguerite', 'Kassulke', 'isobel66@example.com', '(455)916-0114');
INSERT INTO `Mensch` (`id`, `vorname`, `nachname`, `email`, `phone`) VALUES (77, 'Addie', 'Towne', 'khahn@example.org', '1-546-065-7765');
INSERT INTO `Mensch` (`id`, `vorname`, `nachname`, `email`, `phone`) VALUES (78, 'Keaton', 'Wisoky', 'major86@example.com', '09170474643');
INSERT INTO `Mensch` (`id`, `vorname`, `nachname`, `email`, `phone`) VALUES (79, 'Loraine', 'Wyman', 'turcotte.ezequiel@example.org', '986-120-3462');
INSERT INTO `Mensch` (`id`, `vorname`, `nachname`, `email`, `phone`) VALUES (80, 'Kelsi', 'Friesen', 'lamont.hickle@example.com', '747.220.2283');
INSERT INTO `Mensch` (`id`, `vorname`, `nachname`, `email`, `phone`) VALUES (81, 'Anastasia', 'Stokes', 'madisen98@example.net', '+83(1)991467408');
INSERT INTO `Mensch` (`id`, `vorname`, `nachname`, `email`, `phone`) VALUES (82, 'Randall', 'Hayes', 'wolf.urban@example.org', '787-431-8503');
INSERT INTO `Mensch` (`id`, `vorname`, `nachname`, `email`, `phone`) VALUES (83, 'Elian', 'Cremin', 'edickinson@example.com', '456.132.9788');
INSERT INTO `Mensch` (`id`, `vorname`, `nachname`, `email`, `phone`) VALUES (84, 'Giuseppe', 'Kuhlman', 'gilda.kutch@example.net', '285-981-3584x50');
INSERT INTO `Mensch` (`id`, `vorname`, `nachname`, `email`, `phone`) VALUES (85, 'Crystal', 'Cronin', 'rterry@example.net', '07425783689');
INSERT INTO `Mensch` (`id`, `vorname`, `nachname`, `email`, `phone`) VALUES (86, 'Vergie', 'Waelchi', 'holly30@example.net', '1-027-369-5323x');
INSERT INTO `Mensch` (`id`, `vorname`, `nachname`, `email`, `phone`) VALUES (87, 'Kayleigh', 'Kerluke', 'qtillman@example.org', '+31(2)914142940');
INSERT INTO `Mensch` (`id`, `vorname`, `nachname`, `email`, `phone`) VALUES (88, 'Elaina', 'Hyatt', 'tara.blanda@example.org', '658-769-0663');
INSERT INTO `Mensch` (`id`, `vorname`, `nachname`, `email`, `phone`) VALUES (89, 'Alexandre', 'Kuhn', 'aufderhar.pierce@example.org', '038-393-0535');
INSERT INTO `Mensch` (`id`, `vorname`, `nachname`, `email`, `phone`) VALUES (90, 'Earnestine', 'Pouros', 'holly89@example.net', '(348)635-9724');
INSERT INTO `Mensch` (`id`, `vorname`, `nachname`, `email`, `phone`) VALUES (91, 'Skye', 'Ferry', 'quinten.mitchell@example.com', '264.129.5206x47');
INSERT INTO `Mensch` (`id`, `vorname`, `nachname`, `email`, `phone`) VALUES (92, 'Kaitlin', 'Hessel', 'kutch.sage@example.com', '999.968.7624');
INSERT INTO `Mensch` (`id`, `vorname`, `nachname`, `email`, `phone`) VALUES (93, 'Trevion', 'Wolf', 'greenfelder.kianna@example.org', '1-521-574-8150x');
INSERT INTO `Mensch` (`id`, `vorname`, `nachname`, `email`, `phone`) VALUES (94, 'Vergie', 'Thompson', 'pattie21@example.net', '(038)192-2937');
INSERT INTO `Mensch` (`id`, `vorname`, `nachname`, `email`, `phone`) VALUES (95, 'Nina', 'Price', 'aglae.runolfsdottir@example.org', '(601)156-4920');
INSERT INTO `Mensch` (`id`, `vorname`, `nachname`, `email`, `phone`) VALUES (96, 'Eleonore', 'Leuschke', 'belle06@example.com', '+70(8)749500209');
INSERT INTO `Mensch` (`id`, `vorname`, `nachname`, `email`, `phone`) VALUES (97, 'Eloy', 'Jaskolski', 'abby34@example.com', '960.258.4704');
INSERT INTO `Mensch` (`id`, `vorname`, `nachname`, `email`, `phone`) VALUES (98, 'Houston', 'Hodkiewicz', 'winnifred18@example.com', '772-901-9167x13');
INSERT INTO `Mensch` (`id`, `vorname`, `nachname`, `email`, `phone`) VALUES (99, 'Birdie', 'Pfeffer', 'yleannon@example.com', '(193)888-7358x3');
INSERT INTO `Mensch` (`id`, `vorname`, `nachname`, `email`, `phone`) VALUES (100, 'Noe', 'Shields', 'jorn@example.com', '993-185-6343x80');


#
# TABLE STRUCTURE FOR: Mensh_adresse
#

DROP TABLE IF EXISTS `Mensh_adresse`;

CREATE TABLE `Mensh_adresse` (
  `mensch_id` int(10) unsigned NOT NULL,
  `Ad_Str` varchar(50) COLLATE utf8mb4_unicode_ci NOT NULL,
  `Ad_haus_nr` int(10) unsigned NOT NULL,
  `Ad_Plz` int(10) unsigned NOT NULL,
  `Ad_std` varchar(100) COLLATE utf8mb4_unicode_ci NOT NULL,
  KEY `mensch_id` (`mensch_id`),
  CONSTRAINT `Mensh_adresse_ibfk_1` FOREIGN KEY (`mensch_id`) REFERENCES `Mensch` (`id`) ON DELETE CASCADE ON UPDATE CASCADE
) ENGINE=InnoDB DEFAULT CHARSET=utf8mb4 COLLATE=utf8mb4_unicode_ci;

INSERT INTO `Mensh_adresse` (`mensch_id`, `Ad_Str`, `Ad_haus_nr`, `Ad_Plz`, `Ad_std`) VALUES (1, 'Christa Shore', 8, 12352, 'town');
INSERT INTO `Mensh_adresse` (`mensch_id`, `Ad_Str`, `Ad_haus_nr`, `Ad_Plz`, `Ad_std`) VALUES (2, 'Laurine Well', 1, 27428, 'bury');
INSERT INTO `Mensh_adresse` (`mensch_id`, `Ad_Str`, `Ad_haus_nr`, `Ad_Plz`, `Ad_std`) VALUES (3, 'Josh Drive', 8, 91191, 'port');
INSERT INTO `Mensh_adresse` (`mensch_id`, `Ad_Str`, `Ad_haus_nr`, `Ad_Plz`, `Ad_std`) VALUES (4, 'Goodwin Forges', 0, 48133, 'mouth');
INSERT INTO `Mensh_adresse` (`mensch_id`, `Ad_Str`, `Ad_haus_nr`, `Ad_Plz`, `Ad_std`) VALUES (5, 'Daija Passage', 8, 25812, 'mouth');
INSERT INTO `Mensh_adresse` (`mensch_id`, `Ad_Str`, `Ad_haus_nr`, `Ad_Plz`, `Ad_std`) VALUES (6, 'Deangelo Ridges', 9, 25771, 'fort');
INSERT INTO `Mensh_adresse` (`mensch_id`, `Ad_Str`, `Ad_haus_nr`, `Ad_Plz`, `Ad_std`) VALUES (7, 'Vivianne Stravenue', 7, 7058, 'chester');
INSERT INTO `Mensh_adresse` (`mensch_id`, `Ad_Str`, `Ad_haus_nr`, `Ad_Plz`, `Ad_std`) VALUES (8, 'Wolff Crescent', 0, 24867, 'mouth');
INSERT INTO `Mensh_adresse` (`mensch_id`, `Ad_Str`, `Ad_haus_nr`, `Ad_Plz`, `Ad_std`) VALUES (9, 'Leffler Trace', 3, 88559, 'side');
INSERT INTO `Mensh_adresse` (`mensch_id`, `Ad_Str`, `Ad_haus_nr`, `Ad_Plz`, `Ad_std`) VALUES (10, 'Jaskolski Parkways', 5, 23310, 'shire');
INSERT INTO `Mensh_adresse` (`mensch_id`, `Ad_Str`, `Ad_haus_nr`, `Ad_Plz`, `Ad_std`) VALUES (11, 'Linnie Mount', 4, 25764, 'land');
INSERT INTO `Mensh_adresse` (`mensch_id`, `Ad_Str`, `Ad_haus_nr`, `Ad_Plz`, `Ad_std`) VALUES (12, 'Adams Valley', 8, 4721, 'mouth');
INSERT INTO `Mensh_adresse` (`mensch_id`, `Ad_Str`, `Ad_haus_nr`, `Ad_Plz`, `Ad_std`) VALUES (13, 'Earl Freeway', 0, 81163, 'side');
INSERT INTO `Mensh_adresse` (`mensch_id`, `Ad_Str`, `Ad_haus_nr`, `Ad_Plz`, `Ad_std`) VALUES (14, 'Zena Knolls', 3, 48085, 'port');
INSERT INTO `Mensh_adresse` (`mensch_id`, `Ad_Str`, `Ad_haus_nr`, `Ad_Plz`, `Ad_std`) VALUES (15, 'Fritsch Common', 9, 68732, 'town');
INSERT INTO `Mensh_adresse` (`mensch_id`, `Ad_Str`, `Ad_haus_nr`, `Ad_Plz`, `Ad_std`) VALUES (16, 'Savanna Trafficway', 2, 3897, 'view');
INSERT INTO `Mensh_adresse` (`mensch_id`, `Ad_Str`, `Ad_haus_nr`, `Ad_Plz`, `Ad_std`) VALUES (17, 'Ullrich Fields', 4, 18302, 'mouth');
INSERT INTO `Mensh_adresse` (`mensch_id`, `Ad_Str`, `Ad_haus_nr`, `Ad_Plz`, `Ad_std`) VALUES (18, 'Earlene Avenue', 4, 33652, 'ton');
INSERT INTO `Mensh_adresse` (`mensch_id`, `Ad_Str`, `Ad_haus_nr`, `Ad_Plz`, `Ad_std`) VALUES (19, 'Dickinson Point', 3, 17898, 'stad');
INSERT INTO `Mensh_adresse` (`mensch_id`, `Ad_Str`, `Ad_haus_nr`, `Ad_Plz`, `Ad_std`) VALUES (20, 'Lottie Burg', 0, 27227, 'haven');
INSERT INTO `Mensh_adresse` (`mensch_id`, `Ad_Str`, `Ad_haus_nr`, `Ad_Plz`, `Ad_std`) VALUES (21, 'Ziemann Overpass', 6, 17282, 'view');
INSERT INTO `Mensh_adresse` (`mensch_id`, `Ad_Str`, `Ad_haus_nr`, `Ad_Plz`, `Ad_std`) VALUES (22, 'Shea Circle', 1, 45322, 'land');
INSERT INTO `Mensh_adresse` (`mensch_id`, `Ad_Str`, `Ad_haus_nr`, `Ad_Plz`, `Ad_std`) VALUES (23, 'Ullrich Flat', 8, 44674, 'chester');
INSERT INTO `Mensh_adresse` (`mensch_id`, `Ad_Str`, `Ad_haus_nr`, `Ad_Plz`, `Ad_std`) VALUES (24, 'Pollich Ranch', 0, 5694, 'burgh');
INSERT INTO `Mensh_adresse` (`mensch_id`, `Ad_Str`, `Ad_haus_nr`, `Ad_Plz`, `Ad_std`) VALUES (25, 'Deckow Turnpike', 0, 40739, 'ville');
INSERT INTO `Mensh_adresse` (`mensch_id`, `Ad_Str`, `Ad_haus_nr`, `Ad_Plz`, `Ad_std`) VALUES (26, 'Weber Points', 4, 6836, 'side');
INSERT INTO `Mensh_adresse` (`mensch_id`, `Ad_Str`, `Ad_haus_nr`, `Ad_Plz`, `Ad_std`) VALUES (27, 'Gladys Cliffs', 6, 39318, 'shire');
INSERT INTO `Mensh_adresse` (`mensch_id`, `Ad_Str`, `Ad_haus_nr`, `Ad_Plz`, `Ad_std`) VALUES (28, 'Schaefer Knolls', 6, 80239, 'ville');
INSERT INTO `Mensh_adresse` (`mensch_id`, `Ad_Str`, `Ad_haus_nr`, `Ad_Plz`, `Ad_std`) VALUES (29, 'Claudine Estates', 3, 20065, 'view');
INSERT INTO `Mensh_adresse` (`mensch_id`, `Ad_Str`, `Ad_haus_nr`, `Ad_Plz`, `Ad_std`) VALUES (30, 'Corbin Land', 9, 76364, 'borough');
INSERT INTO `Mensh_adresse` (`mensch_id`, `Ad_Str`, `Ad_haus_nr`, `Ad_Plz`, `Ad_std`) VALUES (31, 'Heller Rest', 0, 56528, 'shire');
INSERT INTO `Mensh_adresse` (`mensch_id`, `Ad_Str`, `Ad_haus_nr`, `Ad_Plz`, `Ad_std`) VALUES (32, 'Muller Parkways', 2, 89641, 'port');
INSERT INTO `Mensh_adresse` (`mensch_id`, `Ad_Str`, `Ad_haus_nr`, `Ad_Plz`, `Ad_std`) VALUES (33, 'Johns Rapids', 7, 17139, 'town');
INSERT INTO `Mensh_adresse` (`mensch_id`, `Ad_Str`, `Ad_haus_nr`, `Ad_Plz`, `Ad_std`) VALUES (34, 'Schmidt Ranch', 7, 34947, 'land');
INSERT INTO `Mensh_adresse` (`mensch_id`, `Ad_Str`, `Ad_haus_nr`, `Ad_Plz`, `Ad_std`) VALUES (35, 'Kitty Shoals', 3, 39258, 'haven');
INSERT INTO `Mensh_adresse` (`mensch_id`, `Ad_Str`, `Ad_haus_nr`, `Ad_Plz`, `Ad_std`) VALUES (36, 'Cora Ferry', 0, 27172, 'view');
INSERT INTO `Mensh_adresse` (`mensch_id`, `Ad_Str`, `Ad_haus_nr`, `Ad_Plz`, `Ad_std`) VALUES (37, 'Terry Village', 7, 71490, 'port');
INSERT INTO `Mensh_adresse` (`mensch_id`, `Ad_Str`, `Ad_haus_nr`, `Ad_Plz`, `Ad_std`) VALUES (38, 'Blaze Estate', 4, 28730, 'view');
INSERT INTO `Mensh_adresse` (`mensch_id`, `Ad_Str`, `Ad_haus_nr`, `Ad_Plz`, `Ad_std`) VALUES (39, 'Anya Mill', 5, 20831, 'borough');
INSERT INTO `Mensh_adresse` (`mensch_id`, `Ad_Str`, `Ad_haus_nr`, `Ad_Plz`, `Ad_std`) VALUES (40, 'Janelle Corner', 9, 18117, 'port');
INSERT INTO `Mensh_adresse` (`mensch_id`, `Ad_Str`, `Ad_haus_nr`, `Ad_Plz`, `Ad_std`) VALUES (41, 'Jacobson Lock', 1, 42371, 'mouth');
INSERT INTO `Mensh_adresse` (`mensch_id`, `Ad_Str`, `Ad_haus_nr`, `Ad_Plz`, `Ad_std`) VALUES (42, 'Wuckert Mill', 3, 11234, 'view');
INSERT INTO `Mensh_adresse` (`mensch_id`, `Ad_Str`, `Ad_haus_nr`, `Ad_Plz`, `Ad_std`) VALUES (43, 'Emiliano Freeway', 9, 58365, 'burgh');
INSERT INTO `Mensh_adresse` (`mensch_id`, `Ad_Str`, `Ad_haus_nr`, `Ad_Plz`, `Ad_std`) VALUES (44, 'Gorczany Shores', 6, 16147, 'borough');
INSERT INTO `Mensh_adresse` (`mensch_id`, `Ad_Str`, `Ad_haus_nr`, `Ad_Plz`, `Ad_std`) VALUES (45, 'Horacio Rapid', 3, 73680, 'view');
INSERT INTO `Mensh_adresse` (`mensch_id`, `Ad_Str`, `Ad_haus_nr`, `Ad_Plz`, `Ad_std`) VALUES (46, 'Beahan Union', 5, 79959, 'berg');
INSERT INTO `Mensh_adresse` (`mensch_id`, `Ad_Str`, `Ad_haus_nr`, `Ad_Plz`, `Ad_std`) VALUES (47, 'Gleichner Shore', 0, 98222, 'ton');
INSERT INTO `Mensh_adresse` (`mensch_id`, `Ad_Str`, `Ad_haus_nr`, `Ad_Plz`, `Ad_std`) VALUES (48, 'Deckow Shore', 6, 61591, 'town');
INSERT INTO `Mensh_adresse` (`mensch_id`, `Ad_Str`, `Ad_haus_nr`, `Ad_Plz`, `Ad_std`) VALUES (49, 'Tamara Trace', 4, 37961, 'mouth');
INSERT INTO `Mensh_adresse` (`mensch_id`, `Ad_Str`, `Ad_haus_nr`, `Ad_Plz`, `Ad_std`) VALUES (50, 'Leuschke Plain', 7, 26838, 'stad');
INSERT INTO `Mensh_adresse` (`mensch_id`, `Ad_Str`, `Ad_haus_nr`, `Ad_Plz`, `Ad_std`) VALUES (51, 'Evalyn Station', 9, 66423, 'mouth');
INSERT INTO `Mensh_adresse` (`mensch_id`, `Ad_Str`, `Ad_haus_nr`, `Ad_Plz`, `Ad_std`) VALUES (52, 'Amelia Walk', 3, 89424, 'furt');
INSERT INTO `Mensh_adresse` (`mensch_id`, `Ad_Str`, `Ad_haus_nr`, `Ad_Plz`, `Ad_std`) VALUES (53, 'Nayeli Junction', 2, 37459, 'fort');
INSERT INTO `Mensh_adresse` (`mensch_id`, `Ad_Str`, `Ad_haus_nr`, `Ad_Plz`, `Ad_std`) VALUES (54, 'Boyle Vista', 4, 29882, 'stad');
INSERT INTO `Mensh_adresse` (`mensch_id`, `Ad_Str`, `Ad_haus_nr`, `Ad_Plz`, `Ad_std`) VALUES (55, 'Hassie Ridges', 7, 72784, 'burgh');
INSERT INTO `Mensh_adresse` (`mensch_id`, `Ad_Str`, `Ad_haus_nr`, `Ad_Plz`, `Ad_std`) VALUES (56, 'Thompson Inlet', 0, 79062, 'view');
INSERT INTO `Mensh_adresse` (`mensch_id`, `Ad_Str`, `Ad_haus_nr`, `Ad_Plz`, `Ad_std`) VALUES (57, 'Hazle Dale', 8, 11187, 'chester');
INSERT INTO `Mensh_adresse` (`mensch_id`, `Ad_Str`, `Ad_haus_nr`, `Ad_Plz`, `Ad_std`) VALUES (58, 'Beer Isle', 9, 66294, 'stad');
INSERT INTO `Mensh_adresse` (`mensch_id`, `Ad_Str`, `Ad_haus_nr`, `Ad_Plz`, `Ad_std`) VALUES (59, 'Abbott Junctions', 6, 43493, 'side');
INSERT INTO `Mensh_adresse` (`mensch_id`, `Ad_Str`, `Ad_haus_nr`, `Ad_Plz`, `Ad_std`) VALUES (60, 'Ondricka Valley', 1, 35104, 'berg');
INSERT INTO `Mensh_adresse` (`mensch_id`, `Ad_Str`, `Ad_haus_nr`, `Ad_Plz`, `Ad_std`) VALUES (61, 'Gleichner Summit', 3, 50739, 'burgh');
INSERT INTO `Mensh_adresse` (`mensch_id`, `Ad_Str`, `Ad_haus_nr`, `Ad_Plz`, `Ad_std`) VALUES (62, 'Osinski Greens', 7, 96219, 'fort');
INSERT INTO `Mensh_adresse` (`mensch_id`, `Ad_Str`, `Ad_haus_nr`, `Ad_Plz`, `Ad_std`) VALUES (63, 'Christop Gardens', 8, 15450, 'bury');
INSERT INTO `Mensh_adresse` (`mensch_id`, `Ad_Str`, `Ad_haus_nr`, `Ad_Plz`, `Ad_std`) VALUES (64, 'Maxwell Row', 7, 34668, 'ton');
INSERT INTO `Mensh_adresse` (`mensch_id`, `Ad_Str`, `Ad_haus_nr`, `Ad_Plz`, `Ad_std`) VALUES (65, 'Kautzer Coves', 9, 45932, 'ton');
INSERT INTO `Mensh_adresse` (`mensch_id`, `Ad_Str`, `Ad_haus_nr`, `Ad_Plz`, `Ad_std`) VALUES (66, 'Franecki Row', 1, 50741, 'view');
INSERT INTO `Mensh_adresse` (`mensch_id`, `Ad_Str`, `Ad_haus_nr`, `Ad_Plz`, `Ad_std`) VALUES (67, 'Schmidt Parkway', 7, 41598, 'fort');
INSERT INTO `Mensh_adresse` (`mensch_id`, `Ad_Str`, `Ad_haus_nr`, `Ad_Plz`, `Ad_std`) VALUES (68, 'Eichmann Vista', 6, 57991, 'borough');
INSERT INTO `Mensh_adresse` (`mensch_id`, `Ad_Str`, `Ad_haus_nr`, `Ad_Plz`, `Ad_std`) VALUES (69, 'Liza Summit', 1, 92345, 'side');
INSERT INTO `Mensh_adresse` (`mensch_id`, `Ad_Str`, `Ad_haus_nr`, `Ad_Plz`, `Ad_std`) VALUES (70, 'Lind Alley', 0, 64267, 'burgh');
INSERT INTO `Mensh_adresse` (`mensch_id`, `Ad_Str`, `Ad_haus_nr`, `Ad_Plz`, `Ad_std`) VALUES (71, 'Chelsea Ports', 0, 13788, 'chester');
INSERT INTO `Mensh_adresse` (`mensch_id`, `Ad_Str`, `Ad_haus_nr`, `Ad_Plz`, `Ad_std`) VALUES (72, 'Tomasa Spurs', 2, 65218, 'port');
INSERT INTO `Mensh_adresse` (`mensch_id`, `Ad_Str`, `Ad_haus_nr`, `Ad_Plz`, `Ad_std`) VALUES (73, 'Kerluke Circle', 1, 51049, 'mouth');
INSERT INTO `Mensh_adresse` (`mensch_id`, `Ad_Str`, `Ad_haus_nr`, `Ad_Plz`, `Ad_std`) VALUES (74, 'Koepp Fort', 8, 99522, 'chester');
INSERT INTO `Mensh_adresse` (`mensch_id`, `Ad_Str`, `Ad_haus_nr`, `Ad_Plz`, `Ad_std`) VALUES (75, 'Wiegand Lock', 8, 57726, 'burgh');
INSERT INTO `Mensh_adresse` (`mensch_id`, `Ad_Str`, `Ad_haus_nr`, `Ad_Plz`, `Ad_std`) VALUES (76, 'Thiel Ridge', 0, 18918, 'furt');
INSERT INTO `Mensh_adresse` (`mensch_id`, `Ad_Str`, `Ad_haus_nr`, `Ad_Plz`, `Ad_std`) VALUES (77, 'Buster Junctions', 1, 9548, 'borough');
INSERT INTO `Mensh_adresse` (`mensch_id`, `Ad_Str`, `Ad_haus_nr`, `Ad_Plz`, `Ad_std`) VALUES (78, 'Bechtelar Port', 4, 92837, 'view');
INSERT INTO `Mensh_adresse` (`mensch_id`, `Ad_Str`, `Ad_haus_nr`, `Ad_Plz`, `Ad_std`) VALUES (79, 'Sporer Ridge', 1, 53348, 'chester');
INSERT INTO `Mensh_adresse` (`mensch_id`, `Ad_Str`, `Ad_haus_nr`, `Ad_Plz`, `Ad_std`) VALUES (80, 'Runolfsson Port', 4, 56979, 'burgh');
INSERT INTO `Mensh_adresse` (`mensch_id`, `Ad_Str`, `Ad_haus_nr`, `Ad_Plz`, `Ad_std`) VALUES (81, 'Jarod Grove', 6, 85302, 'mouth');
INSERT INTO `Mensh_adresse` (`mensch_id`, `Ad_Str`, `Ad_haus_nr`, `Ad_Plz`, `Ad_std`) VALUES (82, 'Hayes Trafficway', 4, 37686, 'bury');
INSERT INTO `Mensh_adresse` (`mensch_id`, `Ad_Str`, `Ad_haus_nr`, `Ad_Plz`, `Ad_std`) VALUES (83, 'Anderson Row', 5, 76760, 'furt');
INSERT INTO `Mensh_adresse` (`mensch_id`, `Ad_Str`, `Ad_haus_nr`, `Ad_Plz`, `Ad_std`) VALUES (84, 'White Landing', 9, 2031, 'haven');
INSERT INTO `Mensh_adresse` (`mensch_id`, `Ad_Str`, `Ad_haus_nr`, `Ad_Plz`, `Ad_std`) VALUES (85, 'Stark Crest', 2, 75099, 'port');
INSERT INTO `Mensh_adresse` (`mensch_id`, `Ad_Str`, `Ad_haus_nr`, `Ad_Plz`, `Ad_std`) VALUES (86, 'Brionna Plaza', 1, 28611, 'shire');
INSERT INTO `Mensh_adresse` (`mensch_id`, `Ad_Str`, `Ad_haus_nr`, `Ad_Plz`, `Ad_std`) VALUES (87, 'Satterfield Roads', 8, 57308, 'side');
INSERT INTO `Mensh_adresse` (`mensch_id`, `Ad_Str`, `Ad_haus_nr`, `Ad_Plz`, `Ad_std`) VALUES (88, 'Sienna Creek', 7, 62232, 'burgh');
INSERT INTO `Mensh_adresse` (`mensch_id`, `Ad_Str`, `Ad_haus_nr`, `Ad_Plz`, `Ad_std`) VALUES (89, 'Walker Parkway', 7, 66628, 'stad');
INSERT INTO `Mensh_adresse` (`mensch_id`, `Ad_Str`, `Ad_haus_nr`, `Ad_Plz`, `Ad_std`) VALUES (90, 'Hugh Villages', 1, 15574, 'ton');
INSERT INTO `Mensh_adresse` (`mensch_id`, `Ad_Str`, `Ad_haus_nr`, `Ad_Plz`, `Ad_std`) VALUES (91, 'Weimann Rapid', 2, 55673, 'furt');
INSERT INTO `Mensh_adresse` (`mensch_id`, `Ad_Str`, `Ad_haus_nr`, `Ad_Plz`, `Ad_std`) VALUES (92, 'Sawayn Road', 9, 6227, 'land');
INSERT INTO `Mensh_adresse` (`mensch_id`, `Ad_Str`, `Ad_haus_nr`, `Ad_Plz`, `Ad_std`) VALUES (93, 'Evert Track', 3, 31625, 'mouth');
INSERT INTO `Mensh_adresse` (`mensch_id`, `Ad_Str`, `Ad_haus_nr`, `Ad_Plz`, `Ad_std`) VALUES (94, 'Schmitt Summit', 1, 27029, 'mouth');
INSERT INTO `Mensh_adresse` (`mensch_id`, `Ad_Str`, `Ad_haus_nr`, `Ad_Plz`, `Ad_std`) VALUES (95, 'Retta Rue', 7, 6502, 'burgh');
INSERT INTO `Mensh_adresse` (`mensch_id`, `Ad_Str`, `Ad_haus_nr`, `Ad_Plz`, `Ad_std`) VALUES (96, 'Heidenreich Heights', 6, 60862, 'chester');
INSERT INTO `Mensh_adresse` (`mensch_id`, `Ad_Str`, `Ad_haus_nr`, `Ad_Plz`, `Ad_std`) VALUES (97, 'Smith Prairie', 7, 27752, 'bury');
INSERT INTO `Mensh_adresse` (`mensch_id`, `Ad_Str`, `Ad_haus_nr`, `Ad_Plz`, `Ad_std`) VALUES (98, 'Aleen Way', 3, 74189, 'stad');
INSERT INTO `Mensh_adresse` (`mensch_id`, `Ad_Str`, `Ad_haus_nr`, `Ad_Plz`, `Ad_std`) VALUES (99, 'Shields Freeway', 4, 2569, 'port');
INSERT INTO `Mensh_adresse` (`mensch_id`, `Ad_Str`, `Ad_haus_nr`, `Ad_Plz`, `Ad_std`) VALUES (100, 'Adolph Cliffs', 3, 58151, 'mouth');


#
# TABLE STRUCTURE FOR: buch_ausliehen
#

DROP TABLE IF EXISTS `buch_ausliehen`;

CREATE TABLE `buch_ausliehen` (
  `kunde_id` int(10) unsigned DEFAULT NULL,
  `buch_id` int(10) unsigned NOT NULL,
  `exemplar_id` int(10) unsigned NOT NULL,
  `von_datum` date NOT NULL,
  `bis_datum` date NOT NULL,
  `strafArt` tinyint(1) GENERATED ALWAYS AS (`bis_datum` - `von_datum` <= 10) VIRTUAL,
  KEY `kunde_id` (`kunde_id`),
  KEY `buch_id` (`buch_id`),
  CONSTRAINT `buch_ausliehen_ibfk_1` FOREIGN KEY (`kunde_id`) REFERENCES `Mensch` (`id`),
  CONSTRAINT `buch_ausliehen_ibfk_2` FOREIGN KEY (`buch_id`) REFERENCES `Buch` (`buch_id`)
) ENGINE=InnoDB DEFAULT CHARSET=utf8mb4 COLLATE=utf8mb4_unicode_ci;
INSERT INTO `buch_ausliehen` (`kunde_id`, `buch_id`, `exemplar_id`, `von_datum`, `bis_datum`) VALUES (1,0,1,'2021-02-22','2020-07-13'),
(2,1,2,'2020-10-31','2020-09-03'),
(3,2,3,'2021-01-18','2020-05-23'),
(4,4,4,'2020-08-10','2021-01-04'),
(5,5,5,'2020-07-30','2021-02-04'),
(6,6,6,'2021-01-31','2020-12-12'),
(7,17,7,'2020-10-26','2020-06-21'),
(8,38,8,'2020-05-26','2020-06-18'),
(9,48,9,'2021-02-27','2021-04-01'),
(10,54,10,'2020-07-05','2020-04-20'),
(11,59,11,'2020-12-02','2021-01-17'),
(12,62,12,'2020-07-19','2021-04-05'),
(13,67,13,'2020-05-24','2020-07-11'),
(14,73,14,'2020-09-01','2020-11-07'),
(15,82,15,'2020-06-06','2020-10-30'),
(16,95,16,'2020-05-25','2020-06-02'),
(17,98,17,'2020-09-16','2020-09-26'),
(18,131,18,'2020-04-30','2020-04-18'),
(19,139,19,'2021-02-12','2020-10-30'),
(20,157,20,'2020-06-24','2020-12-19'),
(21,272,21,'2020-08-15','2020-11-01'),
(22,420,22,'2020-07-08','2021-03-14'),
(23,644,23,'2020-09-13','2020-05-29'),
(24,778,24,'2020-11-24','2021-03-26'),
(25,812,25,'2021-01-05','2020-07-07'),
(26,876,26,'2020-06-01','2020-07-06'),
(27,935,27,'2020-10-08','2020-07-16'),
(28,947,28,'2021-01-24','2021-02-24'),
(29,1884,29,'2020-06-19','2020-04-25'),
(30,2055,30,'2020-06-16','2021-03-17'),
(31,2169,31,'2020-06-22','2020-12-12'),
(32,2711,32,'2020-06-19','2020-05-03'),
(33,4246,33,'2020-12-26','2020-10-15'),
(34,5555,34,'2020-10-24','2020-07-25'),
(35,6318,35,'2020-12-25','2020-08-22'),
(36,6351,36,'2021-01-25','2020-06-26'),
(37,6379,37,'2021-02-10','2020-04-14'),
(38,6668,38,'2020-06-02','2021-01-11'),
(39,7090,39,'2020-06-06','2020-05-21'),
(40,7530,40,'2020-09-21','2020-12-17'),
(41,8404,41,'2020-04-25','2020-09-18'),
(42,9397,42,'2020-06-19','2020-12-09'),
(43,10345,43,'2020-08-18','2020-07-07'),
(44,26020,44,'2020-09-26','2020-11-05');


#
# TABLE STRUCTURE FOR: verfasst
#

DROP TABLE IF EXISTS `verfasst`;

CREATE TABLE `verfasst` (
  `buch_id` int(10) unsigned NOT NULL,
  `autor_id` int(10) unsigned DEFAULT NULL,
  UNIQUE KEY `buch_id` (`buch_id`),
  KEY `autor_id` (`autor_id`),
  CONSTRAINT `verfasst_ibfk_1` FOREIGN KEY (`buch_id`) REFERENCES `Buch` (`buch_id`) ON DELETE CASCADE ON UPDATE CASCADE,
  CONSTRAINT `verfasst_ibfk_2` FOREIGN KEY (`autor_id`) REFERENCES `Autor` (`autor_id`) ON DELETE SET NULL ON UPDATE CASCADE
) ENGINE=InnoDB DEFAULT CHARSET=utf8mb4 COLLATE=utf8mb4_unicode_ci;

INSERT INTO `verfasst` (`buch_id`, `autor_id`) VALUES (0, 0);
INSERT INTO `verfasst` (`buch_id`, `autor_id`) VALUES (1, 1);
INSERT INTO `verfasst` (`buch_id`, `autor_id`) VALUES (2, 2);
INSERT INTO `verfasst` (`buch_id`, `autor_id`) VALUES (4, 4);
INSERT INTO `verfasst` (`buch_id`, `autor_id`) VALUES (5, 5);
INSERT INTO `verfasst` (`buch_id`, `autor_id`) VALUES (6, 6);
INSERT INTO `verfasst` (`buch_id`, `autor_id`) VALUES (17, 8);
INSERT INTO `verfasst` (`buch_id`, `autor_id`) VALUES (38, 9);
INSERT INTO `verfasst` (`buch_id`, `autor_id`) VALUES (48, 16);
INSERT INTO `verfasst` (`buch_id`, `autor_id`) VALUES (54, 36);
INSERT INTO `verfasst` (`buch_id`, `autor_id`) VALUES (59, 61);
INSERT INTO `verfasst` (`buch_id`, `autor_id`) VALUES (62, 63);
INSERT INTO `verfasst` (`buch_id`, `autor_id`) VALUES (67, 64);
INSERT INTO `verfasst` (`buch_id`, `autor_id`) VALUES (73, 84);
INSERT INTO `verfasst` (`buch_id`, `autor_id`) VALUES (82, 92);
INSERT INTO `verfasst` (`buch_id`, `autor_id`) VALUES (95, 133);
INSERT INTO `verfasst` (`buch_id`, `autor_id`) VALUES (98, 136);
INSERT INTO `verfasst` (`buch_id`, `autor_id`) VALUES (131, 176);
INSERT INTO `verfasst` (`buch_id`, `autor_id`) VALUES (139, 236);
INSERT INTO `verfasst` (`buch_id`, `autor_id`) VALUES (157, 448);
INSERT INTO `verfasst` (`buch_id`, `autor_id`) VALUES (272, 454);
INSERT INTO `verfasst` (`buch_id`, `autor_id`) VALUES (420, 462);
INSERT INTO `verfasst` (`buch_id`, `autor_id`) VALUES (644, 508);
INSERT INTO `verfasst` (`buch_id`, `autor_id`) VALUES (778, 512);
INSERT INTO `verfasst` (`buch_id`, `autor_id`) VALUES (812, 527);
INSERT INTO `verfasst` (`buch_id`, `autor_id`) VALUES (876, 599);
INSERT INTO `verfasst` (`buch_id`, `autor_id`) VALUES (935, 602);
INSERT INTO `verfasst` (`buch_id`, `autor_id`) VALUES (947, 651);
INSERT INTO `verfasst` (`buch_id`, `autor_id`) VALUES (1884, 674);
INSERT INTO `verfasst` (`buch_id`, `autor_id`) VALUES (2055, 719);
INSERT INTO `verfasst` (`buch_id`, `autor_id`) VALUES (2169, 784);
INSERT INTO `verfasst` (`buch_id`, `autor_id`) VALUES (2711, 890);
INSERT INTO `verfasst` (`buch_id`, `autor_id`) VALUES (4246, 900);
INSERT INTO `verfasst` (`buch_id`, `autor_id`) VALUES (5555, 1704);
INSERT INTO `verfasst` (`buch_id`, `autor_id`) VALUES (6318, 2278);
INSERT INTO `verfasst` (`buch_id`, `autor_id`) VALUES (6351, 3403);
INSERT INTO `verfasst` (`buch_id`, `autor_id`) VALUES (6379, 4013);
INSERT INTO `verfasst` (`buch_id`, `autor_id`) VALUES (6668, 4635);
INSERT INTO `verfasst` (`buch_id`, `autor_id`) VALUES (7090, 4891);
INSERT INTO `verfasst` (`buch_id`, `autor_id`) VALUES (7530, 5168);
INSERT INTO `verfasst` (`buch_id`, `autor_id`) VALUES (8404, 7758);
INSERT INTO `verfasst` (`buch_id`, `autor_id`) VALUES (9397, 8415);
INSERT INTO `verfasst` (`buch_id`, `autor_id`) VALUES (10345, 8887);
INSERT INTO `verfasst` (`buch_id`, `autor_id`) VALUES (26020, 12745);
INSERT INTO `verfasst` (`buch_id`, `autor_id`) VALUES (28999, 22848);
INSERT INTO `verfasst` (`buch_id`, `autor_id`) VALUES (39147, 27370);
INSERT INTO `verfasst` (`buch_id`, `autor_id`) VALUES (44255, 44762);
INSERT INTO `verfasst` (`buch_id`, `autor_id`) VALUES (50046, 46517);
INSERT INTO `verfasst` (`buch_id`, `autor_id`) VALUES (53192, 65510);
INSERT INTO `verfasst` (`buch_id`, `autor_id`) VALUES (56067, 73409);
INSERT INTO `verfasst` (`buch_id`, `autor_id`) VALUES (57714, 77954);
INSERT INTO `verfasst` (`buch_id`, `autor_id`) VALUES (59089, 87158);
INSERT INTO `verfasst` (`buch_id`, `autor_id`) VALUES (60302, 98141);
INSERT INTO `verfasst` (`buch_id`, `autor_id`) VALUES (61185, 98263);
INSERT INTO `verfasst` (`buch_id`, `autor_id`) VALUES (75360, 98810);
INSERT INTO `verfasst` (`buch_id`, `autor_id`) VALUES (99844, 119361);
INSERT INTO `verfasst` (`buch_id`, `autor_id`) VALUES (172845, 266375);
INSERT INTO `verfasst` (`buch_id`, `autor_id`) VALUES (283441, 307581);
INSERT INTO `verfasst` (`buch_id`, `autor_id`) VALUES (286328, 374809);
INSERT INTO `verfasst` (`buch_id`, `autor_id`) VALUES (295129, 694950);
INSERT INTO `verfasst` (`buch_id`, `autor_id`) VALUES (303426, 750441);
INSERT INTO `verfasst` (`buch_id`, `autor_id`) VALUES (384587, 798993);
INSERT INTO `verfasst` (`buch_id`, `autor_id`) VALUES (555783, 802608);
INSERT INTO `verfasst` (`buch_id`, `autor_id`) VALUES (607686, 868423);
INSERT INTO `verfasst` (`buch_id`, `autor_id`) VALUES (656105, 1406100);
INSERT INTO `verfasst` (`buch_id`, `autor_id`) VALUES (836974, 1558376);
INSERT INTO `verfasst` (`buch_id`, `autor_id`) VALUES (863365, 2739826);
INSERT INTO `verfasst` (`buch_id`, `autor_id`) VALUES (3227287, 3302502);
INSERT INTO `verfasst` (`buch_id`, `autor_id`) VALUES (4126267, 4002053);
INSERT INTO `verfasst` (`buch_id`, `autor_id`) VALUES (4388248, 4577906);
INSERT INTO `verfasst` (`buch_id`, `autor_id`) VALUES (4987394, 5004777);
INSERT INTO `verfasst` (`buch_id`, `autor_id`) VALUES (5948789, 5674668);
INSERT INTO `verfasst` (`buch_id`, `autor_id`) VALUES (6294152, 6714694);
INSERT INTO `verfasst` (`buch_id`, `autor_id`) VALUES (8347890, 7841260);
INSERT INTO `verfasst` (`buch_id`, `autor_id`) VALUES (8623284, 9085997);
INSERT INTO `verfasst` (`buch_id`, `autor_id`) VALUES (8885164, 9789968);
INSERT INTO `verfasst` (`buch_id`, `autor_id`) VALUES (9006496, 16850003);
INSERT INTO `verfasst` (`buch_id`, `autor_id`) VALUES (9726243, 24394489);
INSERT INTO `verfasst` (`buch_id`, `autor_id`) VALUES (9830650, 24543377);
INSERT INTO `verfasst` (`buch_id`, `autor_id`) VALUES (28529092, 27398579);
INSERT INTO `verfasst` (`buch_id`, `autor_id`) VALUES (41765941, 29459212);
INSERT INTO `verfasst` (`buch_id`, `autor_id`) VALUES (47399601, 33427865);
INSERT INTO `verfasst` (`buch_id`, `autor_id`) VALUES (49724630, 34213177);
INSERT INTO `verfasst` (`buch_id`, `autor_id`) VALUES (54896814, 34705922);
INSERT INTO `verfasst` (`buch_id`, `autor_id`) VALUES (61468312, 51006760);
INSERT INTO `verfasst` (`buch_id`, `autor_id`) VALUES (74520596, 57501454);
INSERT INTO `verfasst` (`buch_id`, `autor_id`) VALUES (77175221, 72623116);
INSERT INTO `verfasst` (`buch_id`, `autor_id`) VALUES (79486453, 88946950);
INSERT INTO `verfasst` (`buch_id`, `autor_id`) VALUES (86487044, 93911184);
INSERT INTO `verfasst` (`buch_id`, `autor_id`) VALUES (97112517, 98072659);
INSERT INTO `verfasst` (`buch_id`, `autor_id`) VALUES (99149544, 98896814);
INSERT INTO `verfasst` (`buch_id`, `autor_id`) VALUES (198664812, 98899890);
INSERT INTO `verfasst` (`buch_id`, `autor_id`) VALUES (322733655, 228986987);
INSERT INTO `verfasst` (`buch_id`, `autor_id`) VALUES (336249894, 237153979);
INSERT INTO `verfasst` (`buch_id`, `autor_id`) VALUES (340997513, 367257916);
INSERT INTO `verfasst` (`buch_id`, `autor_id`) VALUES (559284373, 427283291);
INSERT INTO `verfasst` (`buch_id`, `autor_id`) VALUES (726478778, 517181981);
INSERT INTO `verfasst` (`buch_id`, `autor_id`) VALUES (784870112, 527322718);
INSERT INTO `verfasst` (`buch_id`, `autor_id`) VALUES (951389647, 625329486);
INSERT INTO `verfasst` (`buch_id`, `autor_id`) VALUES (989406400, 675414763);

select * from exemplar;

#
# TABLE STRUCTURE FOR: verwaltet
#

DROP TABLE IF EXISTS `verwaltet`;

CREATE TABLE `verwaltet` (
  `bib_id` int(10) unsigned DEFAULT NULL,
  `kunde_id` int(10) unsigned DEFAULT NULL,
  KEY `bib_id` (`bib_id`),
  KEY `kunde_id` (`kunde_id`),
  CONSTRAINT `verwaltet_ibfk_1` FOREIGN KEY (`bib_id`) REFERENCES `Bibliothekar` (`bib_id`),
  CONSTRAINT `verwaltet_ibfk_2` FOREIGN KEY (`kunde_id`) REFERENCES `Mensch` (`id`)
) ENGINE=InnoDB DEFAULT CHARSET=utf8mb4 COLLATE=utf8mb4_unicode_ci;

INSERT INTO `verwaltet` (`bib_id`, `kunde_id`) VALUES (0, 1);
INSERT INTO `verwaltet` (`bib_id`, `kunde_id`) VALUES (156, 2);
INSERT INTO `verwaltet` (`bib_id`, `kunde_id`) VALUES (546, 3);
INSERT INTO `verwaltet` (`bib_id`, `kunde_id`) VALUES (549, 4);
INSERT INTO `verwaltet` (`bib_id`, `kunde_id`) VALUES (28978, 5);
INSERT INTO `verwaltet` (`bib_id`, `kunde_id`) VALUES (46329, 6);
INSERT INTO `verwaltet` (`bib_id`, `kunde_id`) VALUES (62534, 7);
INSERT INTO `verwaltet` (`bib_id`, `kunde_id`) VALUES (92680, 8);
INSERT INTO `verwaltet` (`bib_id`, `kunde_id`) VALUES (3538669, 9);
INSERT INTO `verwaltet` (`bib_id`, `kunde_id`) VALUES (83085171, 10);
INSERT INTO `verwaltet` (`bib_id`, `kunde_id`) VALUES (0, 11);
INSERT INTO `verwaltet` (`bib_id`, `kunde_id`) VALUES (156, 12);
INSERT INTO `verwaltet` (`bib_id`, `kunde_id`) VALUES (546, 13);
INSERT INTO `verwaltet` (`bib_id`, `kunde_id`) VALUES (549, 14);
INSERT INTO `verwaltet` (`bib_id`, `kunde_id`) VALUES (28978, 15);
INSERT INTO `verwaltet` (`bib_id`, `kunde_id`) VALUES (46329, 16);
INSERT INTO `verwaltet` (`bib_id`, `kunde_id`) VALUES (62534, 17);
INSERT INTO `verwaltet` (`bib_id`, `kunde_id`) VALUES (92680, 18);
INSERT INTO `verwaltet` (`bib_id`, `kunde_id`) VALUES (3538669, 19);
INSERT INTO `verwaltet` (`bib_id`, `kunde_id`) VALUES (83085171, 20);
INSERT INTO `verwaltet` (`bib_id`, `kunde_id`) VALUES (0, 21);
INSERT INTO `verwaltet` (`bib_id`, `kunde_id`) VALUES (156, 22);
INSERT INTO `verwaltet` (`bib_id`, `kunde_id`) VALUES (546, 23);
INSERT INTO `verwaltet` (`bib_id`, `kunde_id`) VALUES (549, 24);
INSERT INTO `verwaltet` (`bib_id`, `kunde_id`) VALUES (28978, 25);
INSERT INTO `verwaltet` (`bib_id`, `kunde_id`) VALUES (46329, 26);
INSERT INTO `verwaltet` (`bib_id`, `kunde_id`) VALUES (62534, 27);
INSERT INTO `verwaltet` (`bib_id`, `kunde_id`) VALUES (92680, 28);
INSERT INTO `verwaltet` (`bib_id`, `kunde_id`) VALUES (3538669, 29);
INSERT INTO `verwaltet` (`bib_id`, `kunde_id`) VALUES (83085171, 30);
INSERT INTO `verwaltet` (`bib_id`, `kunde_id`) VALUES (0, 31);
INSERT INTO `verwaltet` (`bib_id`, `kunde_id`) VALUES (156, 32);
INSERT INTO `verwaltet` (`bib_id`, `kunde_id`) VALUES (546, 33);
INSERT INTO `verwaltet` (`bib_id`, `kunde_id`) VALUES (549, 34);
INSERT INTO `verwaltet` (`bib_id`, `kunde_id`) VALUES (28978, 35);
INSERT INTO `verwaltet` (`bib_id`, `kunde_id`) VALUES (46329, 36);
INSERT INTO `verwaltet` (`bib_id`, `kunde_id`) VALUES (62534, 37);
INSERT INTO `verwaltet` (`bib_id`, `kunde_id`) VALUES (92680, 38);
INSERT INTO `verwaltet` (`bib_id`, `kunde_id`) VALUES (3538669, 39);
INSERT INTO `verwaltet` (`bib_id`, `kunde_id`) VALUES (83085171, 40);
INSERT INTO `verwaltet` (`bib_id`, `kunde_id`) VALUES (0, 41);
INSERT INTO `verwaltet` (`bib_id`, `kunde_id`) VALUES (156, 42);
INSERT INTO `verwaltet` (`bib_id`, `kunde_id`) VALUES (546, 43);
INSERT INTO `verwaltet` (`bib_id`, `kunde_id`) VALUES (549, 44);
INSERT INTO `verwaltet` (`bib_id`, `kunde_id`) VALUES (28978, 45);
INSERT INTO `verwaltet` (`bib_id`, `kunde_id`) VALUES (46329, 46);
INSERT INTO `verwaltet` (`bib_id`, `kunde_id`) VALUES (62534, 47);
INSERT INTO `verwaltet` (`bib_id`, `kunde_id`) VALUES (92680, 48);
INSERT INTO `verwaltet` (`bib_id`, `kunde_id`) VALUES (3538669, 49);
INSERT INTO `verwaltet` (`bib_id`, `kunde_id`) VALUES (83085171, 50);
INSERT INTO `verwaltet` (`bib_id`, `kunde_id`) VALUES (0, 51);
INSERT INTO `verwaltet` (`bib_id`, `kunde_id`) VALUES (156, 52);
INSERT INTO `verwaltet` (`bib_id`, `kunde_id`) VALUES (546, 53);
INSERT INTO `verwaltet` (`bib_id`, `kunde_id`) VALUES (549, 54);
INSERT INTO `verwaltet` (`bib_id`, `kunde_id`) VALUES (28978, 55);
INSERT INTO `verwaltet` (`bib_id`, `kunde_id`) VALUES (46329, 56);
INSERT INTO `verwaltet` (`bib_id`, `kunde_id`) VALUES (62534, 57);
INSERT INTO `verwaltet` (`bib_id`, `kunde_id`) VALUES (92680, 58);
INSERT INTO `verwaltet` (`bib_id`, `kunde_id`) VALUES (3538669, 59);
INSERT INTO `verwaltet` (`bib_id`, `kunde_id`) VALUES (83085171, 60);
INSERT INTO `verwaltet` (`bib_id`, `kunde_id`) VALUES (0, 61);
INSERT INTO `verwaltet` (`bib_id`, `kunde_id`) VALUES (156, 62);
INSERT INTO `verwaltet` (`bib_id`, `kunde_id`) VALUES (546, 63);
INSERT INTO `verwaltet` (`bib_id`, `kunde_id`) VALUES (549, 64);
INSERT INTO `verwaltet` (`bib_id`, `kunde_id`) VALUES (28978, 65);
INSERT INTO `verwaltet` (`bib_id`, `kunde_id`) VALUES (46329, 66);
INSERT INTO `verwaltet` (`bib_id`, `kunde_id`) VALUES (62534, 67);
INSERT INTO `verwaltet` (`bib_id`, `kunde_id`) VALUES (92680, 68);
INSERT INTO `verwaltet` (`bib_id`, `kunde_id`) VALUES (3538669, 69);
INSERT INTO `verwaltet` (`bib_id`, `kunde_id`) VALUES (83085171, 70);
INSERT INTO `verwaltet` (`bib_id`, `kunde_id`) VALUES (0, 71);
INSERT INTO `verwaltet` (`bib_id`, `kunde_id`) VALUES (156, 72);
INSERT INTO `verwaltet` (`bib_id`, `kunde_id`) VALUES (546, 73);
INSERT INTO `verwaltet` (`bib_id`, `kunde_id`) VALUES (549, 74);
INSERT INTO `verwaltet` (`bib_id`, `kunde_id`) VALUES (28978, 75);
INSERT INTO `verwaltet` (`bib_id`, `kunde_id`) VALUES (46329, 76);
INSERT INTO `verwaltet` (`bib_id`, `kunde_id`) VALUES (62534, 77);
INSERT INTO `verwaltet` (`bib_id`, `kunde_id`) VALUES (92680, 78);
INSERT INTO `verwaltet` (`bib_id`, `kunde_id`) VALUES (3538669, 79);
INSERT INTO `verwaltet` (`bib_id`, `kunde_id`) VALUES (83085171, 80);
INSERT INTO `verwaltet` (`bib_id`, `kunde_id`) VALUES (0, 81);
INSERT INTO `verwaltet` (`bib_id`, `kunde_id`) VALUES (156, 82);
INSERT INTO `verwaltet` (`bib_id`, `kunde_id`) VALUES (546, 83);
INSERT INTO `verwaltet` (`bib_id`, `kunde_id`) VALUES (549, 84);
INSERT INTO `verwaltet` (`bib_id`, `kunde_id`) VALUES (28978, 85);
INSERT INTO `verwaltet` (`bib_id`, `kunde_id`) VALUES (46329, 86);
INSERT INTO `verwaltet` (`bib_id`, `kunde_id`) VALUES (62534, 87);
INSERT INTO `verwaltet` (`bib_id`, `kunde_id`) VALUES (92680, 88);
INSERT INTO `verwaltet` (`bib_id`, `kunde_id`) VALUES (3538669, 89);
INSERT INTO `verwaltet` (`bib_id`, `kunde_id`) VALUES (83085171, 90);
INSERT INTO `verwaltet` (`bib_id`, `kunde_id`) VALUES (0, 91);
INSERT INTO `verwaltet` (`bib_id`, `kunde_id`) VALUES (156, 92);
INSERT INTO `verwaltet` (`bib_id`, `kunde_id`) VALUES (546, 93);
INSERT INTO `verwaltet` (`bib_id`, `kunde_id`) VALUES (549, 94);
INSERT INTO `verwaltet` (`bib_id`, `kunde_id`) VALUES (28978, 95);
INSERT INTO `verwaltet` (`bib_id`, `kunde_id`) VALUES (46329, 96);
INSERT INTO `verwaltet` (`bib_id`, `kunde_id`) VALUES (62534, 97);
INSERT INTO `verwaltet` (`bib_id`, `kunde_id`) VALUES (92680, 98);
INSERT INTO `verwaltet` (`bib_id`, `kunde_id`) VALUES (3538669, 99);
INSERT INTO `verwaltet` (`bib_id`, `kunde_id`) VALUES (83085171, 100);


